,ID1,ID2,Relation
0,capec1,capec122,ChildOf
1,capec17,capec1,CanFollow
2,capec10,capec100,ChildOf
3,capec100,capec123,ChildOf
4,capec101,capec253,ChildOf
5,capec600,capec101,CanFollow
6,capec102,capec593,ChildOf
7,capec103,capec173,ChildOf
8,capec104,capec233,ChildOf
9,capec105,capec220,ChildOf
10,capec34,capec105,PeerOf
11,capec115,capec105,CanFollow
12,capec141,capec105,CanFollow
13,capec63,capec105,CanFollow
14,capec593,capec105,CanFollow
15,capec148,capec105,CanFollow
16,capec154,capec105,CanFollow
17,capec107,capec593,ChildOf
18,capec108,capec66,ChildOf
19,capec109,capec66,ChildOf
20,capec11,capec635,ChildOf
21,capec110,capec66,ChildOf
22,capec108,capec110,CanFollow
23,capec111,capec212,ChildOf
24,capec163,capec116,CanFollow
25,capec21,capec12,PeerOf
26,capec12,capec216,ChildOf
27,capec120,capec267,ChildOf
28,capec121,capec113,ChildOf
29,capec664,capec122,CanFollow
30,capec126,capec153,ChildOf
31,capec664,capec126,CanFollow
32,capec127,capec54,ChildOf
33,capec128,capec153,ChildOf
34,capec13,capec77,ChildOf
35,capec14,capec13,CanFollow
36,capec10,capec13,PeerOf
37,capec132,capec159,ChildOf
38,capec133,capec113,ChildOf
39,capec134,capec137,ChildOf
40,capec135,capec137,ChildOf
41,capec136,capec248,ChildOf
42,capec138,capec137,ChildOf
43,capec139,capec126,ChildOf
44,capec14,capec100,ChildOf
45,capec140,capec74,ChildOf
46,capec141,capec161,ChildOf
47,capec142,capec141,ChildOf
48,capec89,capec142,CanFollow
49,capec143,capec150,ChildOf
50,capec144,capec150,ChildOf
51,capec145,capec148,ChildOf
52,capec146,capec271,ChildOf
53,capec147,capec528,ChildOf
54,capec149,capec497,ChildOf
55,capec155,capec149,CanFollow
56,capec15,capec137,ChildOf
57,capec150,capec116,ChildOf
58,capec155,capec150,ChildOf
59,capec157,capec117,ChildOf
60,capec652,capec157,CanFollow
61,capec158,capec157,ChildOf
62,capec159,capec154,ChildOf
63,capec185,capec159,CanFollow
64,capec16,capec49,ChildOf
65,capec600,capec16,CanFollow
66,capec151,capec16,CanFollow
67,capec560,capec16,CanFollow
68,capec561,capec16,CanFollow
69,capec653,capec16,CanFollow
70,capec160,capec113,ChildOf
71,capec664,capec161,CanFollow
72,capec162,capec77,ChildOf
73,capec163,capec98,ChildOf
74,capec164,capec98,ChildOf
75,capec166,capec161,ChildOf
76,capec167,capec188,ChildOf
77,capec168,capec636,ChildOf
78,capec17,capec122,ChildOf
79,capec233,capec17,CanFollow
80,capec170,capec541,ChildOf
81,capec174,capec182,ChildOf
82,capec63,capec174,CanFollow
83,capec178,capec174,CanFollow
84,capec177,capec17,ChildOf
85,capec178,capec182,ChildOf
86,capec179,capec554,ChildOf
87,capec18,capec591,ChildOf
88,capec18,capec592,ChildOf
89,capec18,capec588,ChildOf
90,capec180,capec122,ChildOf
91,capec17,capec180,CanFollow
92,capec181,capec103,ChildOf
93,capec182,capec137,ChildOf
94,capec183,capec248,ChildOf
95,capec185,capec184,ChildOf
96,capec662,capec185,CanFollow
97,capec186,capec184,ChildOf
98,capec186,capec98,CanFollow
99,capec187,capec186,ChildOf
100,capec189,capec188,ChildOf
101,capec19,capec242,ChildOf
102,capec190,capec167,ChildOf
103,capec191,capec167,ChildOf
104,capec193,capec253,ChildOf
105,capec194,capec151,ChildOf
106,capec657,capec194,CanFollow
107,capec667,capec194,CanFollow
108,capec195,capec151,ChildOf
109,capec384,capec196,CanFollow
110,capec61,capec196,CanFollow
111,capec196,capec21,ChildOf
112,capec197,capec230,ChildOf
113,capec198,capec591,ChildOf
114,capec198,capec592,ChildOf
115,capec198,capec588,ChildOf
116,capec199,capec591,ChildOf
117,capec199,capec592,ChildOf
118,capec199,capec588,ChildOf
119,capec2,capec212,ChildOf
120,capec20,capec112,ChildOf
121,capec668,capec20,CanFollow
122,capec200,capec207,ChildOf
123,capec201,capec122,ChildOf
124,capec201,capec278,ChildOf
125,capec202,capec22,ChildOf
126,capec203,capec176,ChildOf
127,capec204,capec167,ChildOf
128,capec560,capec204,CanFollow
129,capec206,capec444,ChildOf
130,capec207,capec22,ChildOf
131,capec208,capec207,ChildOf
132,capec209,capec592,ChildOf
133,capec215,capec54,ChildOf
134,capec215,capec28,ChildOf
135,capec94,capec216,CanFollow
136,capec217,capec216,ChildOf
137,capec218,capec148,ChildOf
138,capec219,capec94,ChildOf
139,capec220,capec272,ChildOf
140,capec221,capec231,ChildOf
141,capec221,capec278,ChildOf
142,capec222,capec103,ChildOf
143,capec226,capec196,ChildOf
144,capec228,capec250,ChildOf
145,capec197,capec228,CanFollow
146,capec491,capec228,CanFollow
147,capec229,capec231,ChildOf
148,capec23,capec242,ChildOf
149,capec230,capec130,ChildOf
150,capec231,capec130,ChildOf
151,capec234,capec233,ChildOf
152,capec234,capec242,CanFollow
153,capec234,capec175,CanFollow
154,capec234,capec100,CanFollow
155,capec237,capec480,ChildOf
156,capec24,capec100,ChildOf
157,capec243,capec591,ChildOf
158,capec243,capec592,ChildOf
159,capec243,capec588,ChildOf
160,capec244,capec591,ChildOf
161,capec244,capec592,ChildOf
162,capec244,capec588,ChildOf
163,capec245,capec591,ChildOf
164,capec245,capec592,ChildOf
165,capec245,capec588,ChildOf
166,capec247,capec591,ChildOf
167,capec247,capec592,ChildOf
168,capec247,capec588,ChildOf
169,capec250,capec248,ChildOf
170,capec251,capec175,ChildOf
171,capec252,capec251,ChildOf
172,capec253,capec175,ChildOf
173,capec664,capec253,CanFollow
174,capec256,capec100,ChildOf
175,capec261,capec54,ChildOf
176,capec263,capec17,ChildOf
177,capec267,capec153,ChildOf
178,capec268,capec161,ChildOf
179,capec27,capec29,ChildOf
180,capec270,capec203,ChildOf
181,capec568,capec270,CanFollow
182,capec529,capec270,CanFollow
183,capec646,capec270,CanFollow
184,capec270,capec555,CanFollow
185,capec271,capec176,ChildOf
186,capec271,capec94,CanFollow
187,capec273,capec220,ChildOf
188,capec33,capec273,PeerOf
189,capec115,capec273,CanFollow
190,capec141,capec273,CanFollow
191,capec63,capec273,CanFollow
192,capec593,capec273,CanFollow
193,capec148,capec273,CanFollow
194,capec154,capec273,CanFollow
195,capec274,capec220,ChildOf
196,capec275,capec194,ChildOf
197,capec276,capec272,ChildOf
198,capec277,capec272,ChildOf
199,capec278,capec272,ChildOf
200,capec279,capec278,ChildOf
201,capec110,capec279,CanFollow
202,capec228,capec279,CanFollow
203,capec285,capec292,ChildOf
204,capec287,capec300,ChildOf
205,capec29,capec26,ChildOf
206,capec290,capec309,ChildOf
207,capec291,capec309,ChildOf
208,capec292,capec169,ChildOf
209,capec293,capec309,ChildOf
210,capec294,capec292,ChildOf
211,capec295,capec292,ChildOf
212,capec296,capec292,ChildOf
213,capec297,capec292,ChildOf
214,capec298,capec292,ChildOf
215,capec299,capec292,ChildOf
216,capec3,capec267,ChildOf
217,capec30,capec233,ChildOf
218,capec300,capec169,ChildOf
219,capec301,capec300,ChildOf
220,capec302,capec300,ChildOf
221,capec303,capec300,ChildOf
222,capec304,capec300,ChildOf
223,capec305,capec300,ChildOf
224,capec306,capec300,ChildOf
225,capec307,capec300,ChildOf
226,capec308,capec300,ChildOf
227,capec309,capec169,ChildOf
228,capec664,capec309,CanFollow
229,capec31,capec39,ChildOf
230,capec31,capec157,ChildOf
231,capec310,capec541,ChildOf
232,capec312,capec224,ChildOf
233,capec313,capec224,ChildOf
234,capec317,capec312,ChildOf
235,capec318,capec312,ChildOf
236,capec319,capec312,ChildOf
237,capec32,capec591,ChildOf
238,capec32,capec588,ChildOf
239,capec32,capec592,ChildOf
240,capec320,capec312,ChildOf
241,capec321,capec312,ChildOf
242,capec322,capec312,ChildOf
243,capec323,capec312,ChildOf
244,capec324,capec312,ChildOf
245,capec325,capec312,ChildOf
246,capec326,capec312,ChildOf
247,capec327,capec312,ChildOf
248,capec328,capec312,ChildOf
249,capec329,capec312,ChildOf
250,capec33,capec220,ChildOf
251,capec115,capec33,CanFollow
252,capec141,capec33,CanFollow
253,capec63,capec33,CanFollow
254,capec593,capec33,CanFollow
255,capec148,capec33,CanFollow
256,capec154,capec33,CanFollow
257,capec330,capec312,ChildOf
258,capec331,capec312,ChildOf
259,capec332,capec312,ChildOf
260,capec34,capec220,ChildOf
261,capec115,capec34,CanFollow
262,capec141,capec34,CanFollow
263,capec63,capec34,CanFollow
264,capec593,capec34,CanFollow
265,capec148,capec34,CanFollow
266,capec154,capec34,CanFollow
267,capec35,capec636,ChildOf
268,capec23,capec35,PeerOf
269,capec75,capec35,PeerOf
270,capec36,capec113,ChildOf
271,capec37,capec167,ChildOf
272,capec38,capec159,ChildOf
273,capec383,capec407,ChildOf
274,capec94,capec383,CanFollow
275,capec384,capec94,ChildOf
276,capec385,capec384,ChildOf
277,capec386,capec94,ChildOf
278,capec387,capec386,ChildOf
279,capec388,capec386,ChildOf
280,capec389,capec384,ChildOf
281,capec39,capec22,ChildOf
282,capec391,capec390,ChildOf
283,capec392,capec391,ChildOf
284,capec393,capec391,ChildOf
285,capec394,capec391,ChildOf
286,capec395,capec390,ChildOf
287,capec397,capec395,ChildOf
288,capec398,capec395,ChildOf
289,capec399,capec395,ChildOf
290,capec4,capec267,ChildOf
291,capec40,capec248,ChildOf
292,capec400,capec395,ChildOf
293,capec401,capec440,ChildOf
294,capec402,capec401,ChildOf
295,capec406,capec150,ChildOf
296,capec163,capec406,CanFollow
297,capec675,capec406,CanFollow
298,capec407,capec416,ChildOf
299,capec407,capec410,ChildOf
300,capec163,capec407,CanFollow
301,capec41,capec242,ChildOf
302,capec41,capec134,ChildOf
303,capec412,capec407,ChildOf
304,capec413,capec407,ChildOf
305,capec414,capec407,ChildOf
306,capec415,capec407,ChildOf
307,capec417,capec416,ChildOf
308,capec418,capec417,ChildOf
309,capec42,capec100,ChildOf
310,capec420,capec417,ChildOf
311,capec421,capec417,ChildOf
312,capec422,capec417,ChildOf
313,capec423,capec417,ChildOf
314,capec424,capec417,ChildOf
315,capec425,capec416,ChildOf
316,capec426,capec416,ChildOf
317,capec427,capec416,ChildOf
318,capec428,capec427,ChildOf
319,capec429,capec427,ChildOf
320,capec43,capec267,ChildOf
321,capec433,capec427,ChildOf
322,capec434,capec427,ChildOf
323,capec435,capec427,ChildOf
324,capec44,capec100,ChildOf
325,capec44,capec23,ChildOf
326,capec442,capec441,ChildOf
327,capec443,capec444,ChildOf
328,capec444,capec438,ChildOf
329,capec445,capec444,ChildOf
330,capec446,capec444,ChildOf
331,capec447,capec438,ChildOf
332,capec448,capec442,ChildOf
333,capec45,capec100,ChildOf
334,capec452,capec441,ChildOf
335,capec456,capec441,ChildOf
336,capec457,capec456,ChildOf
337,capec529,capec457,CanFollow
338,capec458,capec456,ChildOf
339,capec459,capec473,ChildOf
340,capec46,capec100,ChildOf
341,capec8,capec46,PeerOf
342,capec10,capec46,PeerOf
343,capec460,capec15,ChildOf
344,capec676,capec460,CanFollow
345,capec461,capec115,ChildOf
346,capec462,capec54,ChildOf
347,capec463,capec97,ChildOf
348,capec464,capec554,ChildOf
349,capec465,capec554,ChildOf
350,capec466,capec94,ChildOf
351,capec467,capec62,ChildOf
352,capec468,capec242,ChildOf
353,capec469,capec227,ChildOf
354,capec47,capec100,ChildOf
355,capec470,capec66,ChildOf
356,capec471,capec159,ChildOf
357,capec472,capec541,ChildOf
358,capec473,capec151,ChildOf
359,capec474,capec473,ChildOf
360,capec475,capec473,ChildOf
361,capec542,capec475,CanFollow
362,capec476,capec473,ChildOf
363,capec477,capec473,ChildOf
364,capec478,capec203,ChildOf
365,capec479,capec473,ChildOf
366,capec48,capec212,ChildOf
367,capec480,capec115,ChildOf
368,capec481,capec161,ChildOf
369,capec482,capec125,ChildOf
370,capec485,capec473,ChildOf
371,capec486,capec125,ChildOf
372,capec487,capec125,ChildOf
373,capec488,capec125,ChildOf
374,capec489,capec125,ChildOf
375,capec49,capec112,ChildOf
376,capec600,capec49,CanFollow
377,capec151,capec49,CanFollow
378,capec560,capec49,CanFollow
379,capec561,capec49,CanFollow
380,capec653,capec49,CanFollow
381,capec490,capec125,ChildOf
382,capec491,capec230,ChildOf
383,capec492,capec130,ChildOf
384,capec493,capec130,ChildOf
385,capec494,capec130,ChildOf
386,capec495,capec130,ChildOf
387,capec496,capec130,ChildOf
388,capec497,capec169,ChildOf
389,capec498,capec545,ChildOf
390,capec499,capec117,ChildOf
391,capec5,capec220,ChildOf
392,capec50,capec212,ChildOf
393,capec600,capec50,CanFollow
394,capec151,capec50,CanFollow
395,capec560,capec50,CanFollow
396,capec561,capec50,CanFollow
397,capec653,capec50,CanFollow
398,capec500,capec253,ChildOf
399,capec501,capec499,ChildOf
400,capec501,capec173,ChildOf
401,capec502,capec148,ChildOf
402,capec503,capec122,ChildOf
403,capec504,capec173,ChildOf
404,capec505,capec616,ChildOf
405,capec506,capec173,ChildOf
406,capec508,capec651,ChildOf
407,capec560,capec508,CanFollow
408,capec509,capec652,ChildOf
409,capec151,capec509,CanFollow
410,capec51,capec203,ChildOf
411,capec510,capec21,ChildOf
412,capec511,capec444,ChildOf
413,capec516,capec444,ChildOf
414,capec517,capec447,ChildOf
415,capec518,capec447,ChildOf
416,capec519,capec447,ChildOf
417,capec52,capec267,ChildOf
418,capec520,capec444,ChildOf
419,capec521,capec447,ChildOf
420,capec522,capec439,ChildOf
421,capec523,capec439,ChildOf
422,capec524,capec439,ChildOf
423,capec528,capec125,ChildOf
424,capec529,capec169,ChildOf
425,capec53,capec267,ChildOf
426,capec530,capec531,ChildOf
427,capec531,capec534,ChildOf
428,capec532,capec444,ChildOf
429,capec533,capec186,ChildOf
430,capec534,capec440,ChildOf
431,capec535,capec531,ChildOf
432,capec536,capec176,ChildOf
433,capec537,capec444,ChildOf
434,capec538,capec444,ChildOf
435,capec539,capec444,ChildOf
436,capec54,capec116,ChildOf
437,capec540,capec123,ChildOf
438,capec541,capec224,ChildOf
439,capec542,capec549,ChildOf
440,capec662,capec542,CanFollow
441,capec543,capec194,ChildOf
442,capec89,capec543,CanFollow
443,capec544,capec194,ChildOf
444,capec545,capec116,ChildOf
445,capec546,capec545,ChildOf
446,capec547,capec607,ChildOf
447,capec607,capec548,CanFollow
448,capec55,capec49,ChildOf
449,capec600,capec55,CanFollow
450,capec151,capec55,CanFollow
451,capec560,capec55,CanFollow
452,capec561,capec55,CanFollow
453,capec653,capec55,CanFollow
454,capec550,capec542,ChildOf
455,capec551,capec542,ChildOf
456,capec552,capec542,ChildOf
457,capec555,capec560,ChildOf
458,capec151,capec555,CanFollow
459,capec556,capec542,ChildOf
460,capec558,capec542,ChildOf
461,capec559,capec601,ChildOf
462,capec151,capec560,CanFollow
463,capec561,capec653,ChildOf
464,capec151,capec561,CanFollow
465,capec165,capec561,CanFollow
466,capec549,capec561,CanFollow
467,capec545,capec561,CanFollow
468,capec562,capec17,ChildOf
469,capec563,capec17,ChildOf
470,capec564,capec542,ChildOf
471,capec565,capec49,ChildOf
472,capec600,capec565,CanFollow
473,capec151,capec565,CanFollow
474,capec560,capec565,CanFollow
475,capec561,capec565,CanFollow
476,capec653,capec565,CanFollow
477,capec568,capec569,ChildOf
478,capec600,capec568,CanFollow
479,capec151,capec568,CanFollow
480,capec560,capec568,CanFollow
481,capec561,capec568,CanFollow
482,capec653,capec568,CanFollow
483,capec569,capec116,ChildOf
484,capec57,capec157,ChildOf
485,capec571,capec161,ChildOf
486,capec572,capec165,ChildOf
487,capec573,capec169,ChildOf
488,capec574,capec169,ChildOf
489,capec575,capec169,ChildOf
490,capec576,capec169,ChildOf
491,capec577,capec169,ChildOf
492,capec578,capec176,ChildOf
493,capec579,capec542,ChildOf
494,capec58,capec1,ChildOf
495,capec58,capec180,ChildOf
496,capec580,capec169,ChildOf
497,capec581,capec580,ChildOf
498,capec582,capec607,ChildOf
499,capec583,capec582,ChildOf
500,capec584,capec582,ChildOf
501,capec585,capec582,ChildOf
502,capec587,capec103,ChildOf
503,capec588,capec63,ChildOf
504,capec589,capec603,ChildOf
505,capec59,capec196,ChildOf
506,capec590,capec603,ChildOf
507,capec591,capec63,ChildOf
508,capec592,capec63,ChildOf
509,capec593,capec21,ChildOf
510,capec595,capec594,ChildOf
511,capec596,capec595,ChildOf
512,capec597,capec126,ChildOf
513,capec598,capec194,ChildOf
514,capec599,capec195,ChildOf
515,capec6,capec137,ChildOf
516,capec60,capec593,ChildOf
517,capec600,capec560,ChildOf
518,capec151,capec600,CanFollow
519,capec653,capec600,CanFollow
520,capec601,capec607,ChildOf
521,capec603,capec607,ChildOf
522,capec604,capec601,ChildOf
523,capec605,capec601,ChildOf
524,capec606,capec620,ChildOf
525,capec608,capec97,ChildOf
526,capec609,capec157,ChildOf
527,capec61,capec593,ChildOf
528,capec610,capec240,ChildOf
529,capec611,capec616,ChildOf
530,capec89,capec611,CanFollow
531,capec543,capec611,CanFollow
532,capec612,capec292,ChildOf
533,capec613,capec292,ChildOf
534,capec614,capec186,ChildOf
535,capec615,capec616,ChildOf
536,capec616,capec154,ChildOf
537,capec691,capec616,CanFollow
538,capec617,capec616,ChildOf
539,capec618,capec292,ChildOf
540,capec619,capec292,ChildOf
541,capec62,capec21,ChildOf
542,capec620,capec212,ChildOf
543,capec621,capec189,ChildOf
544,capec622,capec189,ChildOf
545,capec623,capec189,ChildOf
546,capec625,capec624,ChildOf
547,capec626,capec395,ChildOf
548,capec627,capec148,ChildOf
549,capec628,capec627,ChildOf
550,capec63,capec242,ChildOf
551,capec107,capec63,CanFollow
552,capec630,capec616,ChildOf
553,capec89,capec630,CanFollow
554,capec543,capec630,CanFollow
555,capec631,capec616,ChildOf
556,capec89,capec631,CanFollow
557,capec543,capec631,CanFollow
558,capec632,capec616,ChildOf
559,capec89,capec632,CanFollow
560,capec543,capec632,CanFollow
561,capec633,capec194,ChildOf
562,capec634,capec651,ChildOf
563,capec634,capec545,ChildOf
564,capec635,capec165,ChildOf
565,capec636,capec165,ChildOf
566,capec637,capec150,ChildOf
567,capec638,capec452,ChildOf
568,capec639,capec545,ChildOf
569,capec64,capec267,ChildOf
570,capec640,capec251,ChildOf
571,capec641,capec159,ChildOf
572,capec642,capec17,ChildOf
573,capec643,capec309,ChildOf
574,capec561,capec643,CanFollow
575,capec545,capec643,CanFollow
576,capec165,capec643,CanFollow
577,capec644,capec653,ChildOf
578,capec151,capec644,CanFollow
579,capec165,capec644,CanFollow
580,capec549,capec644,CanFollow
581,capec545,capec644,CanFollow
582,capec645,capec652,ChildOf
583,capec151,capec645,CanFollow
584,capec646,capec169,ChildOf
585,capec647,capec150,ChildOf
586,capec648,capec150,ChildOf
587,capec649,capec635,ChildOf
588,capec65,capec157,ChildOf
589,capec37,capec65,CanFollow
590,capec650,capec17,ChildOf
591,capec651,capec117,ChildOf
592,capec652,capec560,ChildOf
593,capec151,capec652,CanFollow
594,capec653,capec560,ChildOf
595,capec151,capec653,CanFollow
596,capec654,capec504,ChildOf
597,capec655,capec572,ChildOf
598,capec656,capec98,ChildOf
599,capec657,capec186,ChildOf
600,capec66,capec248,ChildOf
601,capec660,capec251,ChildOf
602,capec661,capec121,ChildOf
603,capec68,capec661,CanFollow
604,capec660,capec661,CanFollow
605,capec662,capec94,ChildOf
606,capec663,capec74,ChildOf
607,capec663,capec184,ChildOf
608,capec141,capec663,CanFollow
609,capec212,capec663,PeerOf
610,capec124,capec663,PeerOf
611,capec180,capec663,PeerOf
612,capec664,capec115,ChildOf
613,capec665,capec276,ChildOf
614,capec665,capec390,CanFollow
615,capec458,capec665,PeerOf
616,capec148,capec665,PeerOf
617,capec151,capec665,PeerOf
618,capec666,capec125,ChildOf
619,capec667,capec616,ChildOf
620,capec668,capec115,ChildOf
621,capec148,capec668,CanFollow
622,capec669,capec184,ChildOf
623,capec673,capec669,CanFollow
624,capec67,capec100,ChildOf
625,capec67,capec135,ChildOf
626,capec670,capec444,ChildOf
627,capec669,capec670,CanFollow
628,capec671,capec447,ChildOf
629,capec672,capec444,ChildOf
630,capec673,capec444,ChildOf
631,capec674,capec447,ChildOf
632,capec675,capec116,ChildOf
633,capec37,capec675,CanFollow
634,capec676,capec248,ChildOf
635,capec677,capec534,ChildOf
636,capec678,capec444,ChildOf
637,capec679,capec1,ChildOf
638,capec679,capec180,ChildOf
639,capec68,capec233,ChildOf
640,capec680,capec1,ChildOf
641,capec680,capec180,ChildOf
642,capec681,capec1,ChildOf
643,capec681,capec180,ChildOf
644,capec682,capec212,ChildOf
645,capec69,capec233,ChildOf
646,capec8,capec69,CanFollow
647,capec9,capec69,CanFollow
648,capec10,capec69,CanFollow
649,capec67,capec69,CanFollow
650,capec691,capec690,ChildOf
651,capec184,capec691,CanFollow
652,capec444,capec691,CanFollow
653,capec630,capec691,PeerOf
654,capec692,capec691,ChildOf
655,capec693,capec691,ChildOf
656,capec694,capec169,ChildOf
657,capec695,capec616,ChildOf
658,capec696,capec663,ChildOf
659,capec697,capec194,ChildOf
660,capec158,capec697,CanFollow
661,capec94,capec697,CanFollow
662,capec698,capec542,ChildOf
663,capec699,capec651,ChildOf
664,capec7,capec66,ChildOf
665,capec70,capec49,ChildOf
666,capec600,capec70,CanFollow
667,capec151,capec70,CanFollow
668,capec560,capec70,CanFollow
669,capec561,capec70,CanFollow
670,capec653,capec70,CanFollow
671,capec700,capec161,ChildOf
672,capec700,capec70,CanFollow
673,capec700,capec560,CanFollow
674,capec701,capec94,ChildOf
675,capec151,capec701,CanFollow
676,capec148,capec701,CanFollow
677,capec701,capec98,CanFollow
678,capec702,capec180,ChildOf
679,capec71,capec267,ChildOf
680,capec72,capec267,ChildOf
681,capec73,capec165,ChildOf
682,capec592,capec73,CanFollow
683,capec75,capec176,ChildOf
684,capec76,capec126,ChildOf
685,capec77,capec22,ChildOf
686,capec78,capec267,ChildOf
687,capec79,capec267,ChildOf
688,capec8,capec100,ChildOf
689,capec64,capec80,PeerOf
690,capec71,capec80,PeerOf
691,capec80,capec267,ChildOf
692,capec81,capec268,ChildOf
693,capec83,capec250,ChildOf
694,capec84,capec250,ChildOf
695,capec85,capec580,ChildOf
696,capec63,capec85,CanFollow
697,capec86,capec591,ChildOf
698,capec86,capec588,ChildOf
699,capec86,capec592,ChildOf
700,capec87,capec115,ChildOf
701,capec88,capec248,ChildOf
702,capec89,capec151,ChildOf
703,capec9,capec100,ChildOf
704,capec90,capec272,ChildOf
705,capec90,capec114,ChildOf
706,capec92,capec128,ChildOf
707,capec93,capec268,ChildOf
708,capec592,capec93,CanFollow
709,capec151,capec94,CanFollow
710,capec668,capec94,CanFollow
711,capec95,capec54,ChildOf
712,capec96,capec603,ChildOf
713,capec97,capec192,ChildOf
714,capec20,capec97,CanFollow
715,capec98,capec151,ChildOf
716,capec89,capec98,CanFollow
717,capec543,capec98,CanFollow
718,capec611,capec98,CanFollow
719,capec630,capec98,CanFollow
720,capec631,capec98,CanFollow
721,capec632,capec98,CanFollow
722,cwe5,cwe319,ChildOf
723,cwe6,cwe334,ChildOf
724,cwe7,cwe756,ChildOf
725,cwe8,cwe668,ChildOf
726,cwe9,cwe266,ChildOf
727,cwe11,cwe489,ChildOf
728,cwe12,cwe756,ChildOf
729,cwe13,cwe260,ChildOf
730,cwe14,cwe733,ChildOf
731,cwe15,cwe642,ChildOf
732,cwe15,cwe610,ChildOf
733,cwe15,cwe20,ChildOf
734,cwe20,cwe707,ChildOf
735,cwe345,cwe20,PeerOf
736,cwe22,cwe20,CanFollow
737,cwe41,cwe20,CanFollow
738,cwe74,cwe20,CanFollow
739,cwe119,cwe20,CanFollow
740,cwe770,cwe20,CanFollow
741,cwe22,cwe706,ChildOf
742,cwe22,cwe668,ChildOf
743,cwe23,cwe22,ChildOf
744,cwe24,cwe23,ChildOf
745,cwe25,cwe23,ChildOf
746,cwe26,cwe23,ChildOf
747,cwe27,cwe23,ChildOf
748,cwe28,cwe23,ChildOf
749,cwe29,cwe23,ChildOf
750,cwe30,cwe23,ChildOf
751,cwe31,cwe23,ChildOf
752,cwe32,cwe23,ChildOf
753,cwe33,cwe23,ChildOf
754,cwe34,cwe23,ChildOf
755,cwe35,cwe23,ChildOf
756,cwe36,cwe22,ChildOf
757,cwe37,cwe36,ChildOf
758,cwe37,cwe160,ChildOf
759,cwe38,cwe36,ChildOf
760,cwe39,cwe36,ChildOf
761,cwe40,cwe36,ChildOf
762,cwe41,cwe706,ChildOf
763,cwe42,cwe41,ChildOf
764,cwe42,cwe162,ChildOf
765,cwe43,cwe42,ChildOf
766,cwe43,cwe163,ChildOf
767,cwe44,cwe41,ChildOf
768,cwe45,cwe44,ChildOf
769,cwe45,cwe165,ChildOf
770,cwe46,cwe41,ChildOf
771,cwe46,cwe162,ChildOf
772,cwe289,cwe46,CanFollow
773,cwe47,cwe41,ChildOf
774,cwe48,cwe41,ChildOf
775,cwe49,cwe41,ChildOf
776,cwe49,cwe162,ChildOf
777,cwe50,cwe41,ChildOf
778,cwe50,cwe161,ChildOf
779,cwe51,cwe41,ChildOf
780,cwe52,cwe41,ChildOf
781,cwe52,cwe163,ChildOf
782,cwe289,cwe52,CanFollow
783,cwe53,cwe41,ChildOf
784,cwe53,cwe165,ChildOf
785,cwe54,cwe41,ChildOf
786,cwe54,cwe162,ChildOf
787,cwe55,cwe41,ChildOf
788,cwe56,cwe41,ChildOf
789,cwe56,cwe155,ChildOf
790,cwe57,cwe41,ChildOf
791,cwe58,cwe41,ChildOf
792,cwe59,cwe706,ChildOf
793,cwe61,cwe59,ChildOf
794,cwe62,cwe59,ChildOf
795,cwe64,cwe59,ChildOf
796,cwe65,cwe59,ChildOf
797,cwe66,cwe706,ChildOf
798,cwe67,cwe66,ChildOf
799,cwe69,cwe66,ChildOf
800,cwe72,cwe66,ChildOf
801,cwe73,cwe642,ChildOf
802,cwe73,cwe610,ChildOf
803,cwe73,cwe20,ChildOf
804,cwe22,cwe73,CanFollow
805,cwe41,cwe73,CanFollow
806,cwe98,cwe73,CanFollow
807,cwe434,cwe73,CanFollow
808,cwe59,cwe73,CanFollow
809,cwe74,cwe707,ChildOf
810,cwe75,cwe74,ChildOf
811,cwe76,cwe75,ChildOf
812,cwe77,cwe74,ChildOf
813,cwe78,cwe77,ChildOf
814,cwe78,cwe74,ChildOf
815,cwe79,cwe74,ChildOf
816,cwe494,cwe79,CanFollow
817,cwe352,cwe79,PeerOf
818,cwe80,cwe79,ChildOf
819,cwe81,cwe79,ChildOf
820,cwe82,cwe83,ChildOf
821,cwe83,cwe79,ChildOf
822,cwe84,cwe79,ChildOf
823,cwe85,cwe79,ChildOf
824,cwe675,cwe85,PeerOf
825,cwe86,cwe79,ChildOf
826,cwe184,cwe86,PeerOf
827,cwe86,cwe436,ChildOf
828,cwe87,cwe79,ChildOf
829,cwe88,cwe77,ChildOf
830,cwe88,cwe74,ChildOf
831,cwe89,cwe943,ChildOf
832,cwe89,cwe74,ChildOf
833,cwe90,cwe943,ChildOf
834,cwe91,cwe74,ChildOf
835,cwe93,cwe74,ChildOf
836,cwe117,cwe93,CanFollow
837,cwe94,cwe74,ChildOf
838,cwe94,cwe913,ChildOf
839,cwe95,cwe94,ChildOf
840,cwe96,cwe94,ChildOf
841,cwe97,cwe96,ChildOf
842,cwe98,cwe706,ChildOf
843,cwe98,cwe829,ChildOf
844,cwe94,cwe98,CanFollow
845,cwe99,cwe74,ChildOf
846,cwe706,cwe99,PeerOf
847,cwe102,cwe694,ChildOf
848,cwe102,cwe1173,ChildOf
849,cwe102,cwe20,ChildOf
850,cwe103,cwe573,ChildOf
851,cwe103,cwe20,ChildOf
852,cwe104,cwe573,ChildOf
853,cwe104,cwe20,ChildOf
854,cwe105,cwe1173,ChildOf
855,cwe105,cwe20,ChildOf
856,cwe106,cwe1173,ChildOf
857,cwe106,cwe20,ChildOf
858,cwe107,cwe1164,ChildOf
859,cwe107,cwe20,ChildOf
860,cwe108,cwe1173,ChildOf
861,cwe108,cwe20,ChildOf
862,cwe109,cwe1173,ChildOf
863,cwe109,cwe20,ChildOf
864,cwe110,cwe1164,ChildOf
865,cwe110,cwe20,ChildOf
866,cwe111,cwe695,ChildOf
867,cwe111,cwe20,ChildOf
868,cwe112,cwe1286,ChildOf
869,cwe112,cwe20,ChildOf
870,cwe113,cwe93,ChildOf
871,cwe79,cwe113,CanFollow
872,cwe113,cwe20,ChildOf
873,cwe113,cwe436,ChildOf
874,cwe114,cwe73,ChildOf
875,cwe114,cwe20,ChildOf
876,cwe115,cwe436,ChildOf
877,cwe116,cwe707,ChildOf
878,cwe74,cwe116,CanFollow
879,cwe117,cwe116,ChildOf
880,cwe117,cwe20,ChildOf
881,cwe118,cwe664,ChildOf
882,cwe119,cwe118,ChildOf
883,cwe120,cwe119,ChildOf
884,cwe123,cwe120,CanFollow
885,cwe120,cwe20,ChildOf
886,cwe121,cwe788,ChildOf
887,cwe121,cwe787,ChildOf
888,cwe122,cwe788,ChildOf
889,cwe122,cwe787,ChildOf
890,cwe123,cwe787,ChildOf
891,cwe123,cwe119,ChildOf
892,cwe124,cwe786,ChildOf
893,cwe124,cwe787,ChildOf
894,cwe125,cwe119,ChildOf
895,cwe126,cwe125,ChildOf
896,cwe126,cwe788,ChildOf
897,cwe127,cwe125,ChildOf
898,cwe127,cwe786,ChildOf
899,cwe128,cwe682,ChildOf
900,cwe119,cwe128,CanFollow
901,cwe190,cwe128,PeerOf
902,cwe129,cwe1285,ChildOf
903,cwe129,cwe20,ChildOf
904,cwe119,cwe129,CanFollow
905,cwe823,cwe129,CanFollow
906,cwe789,cwe129,CanFollow
907,cwe130,cwe240,ChildOf
908,cwe130,cwe119,ChildOf
909,cwe805,cwe130,CanFollow
910,cwe131,cwe682,ChildOf
911,cwe119,cwe131,CanFollow
912,cwe134,cwe668,ChildOf
913,cwe123,cwe134,CanFollow
914,cwe134,cwe20,ChildOf
915,cwe135,cwe682,ChildOf
916,cwe138,cwe707,ChildOf
917,cwe140,cwe138,ChildOf
918,cwe141,cwe140,ChildOf
919,cwe142,cwe140,ChildOf
920,cwe143,cwe140,ChildOf
921,cwe144,cwe140,ChildOf
922,cwe145,cwe140,ChildOf
923,cwe146,cwe140,ChildOf
924,cwe147,cwe138,ChildOf
925,cwe148,cwe138,ChildOf
926,cwe149,cwe138,ChildOf
927,cwe150,cwe138,ChildOf
928,cwe151,cwe138,ChildOf
929,cwe152,cwe138,ChildOf
930,cwe153,cwe138,ChildOf
931,cwe154,cwe138,ChildOf
932,cwe155,cwe138,ChildOf
933,cwe156,cwe138,ChildOf
934,cwe157,cwe138,ChildOf
935,cwe158,cwe138,ChildOf
936,cwe159,cwe138,ChildOf
937,cwe160,cwe138,ChildOf
938,cwe161,cwe160,ChildOf
939,cwe162,cwe138,ChildOf
940,cwe163,cwe162,ChildOf
941,cwe164,cwe138,ChildOf
942,cwe165,cwe164,ChildOf
943,cwe166,cwe159,ChildOf
944,cwe166,cwe228,ChildOf
945,cwe167,cwe159,ChildOf
946,cwe167,cwe228,ChildOf
947,cwe168,cwe159,ChildOf
948,cwe168,cwe228,ChildOf
949,cwe170,cwe707,ChildOf
950,cwe120,cwe170,CanFollow
951,cwe126,cwe170,CanFollow
952,cwe464,cwe170,PeerOf
953,cwe463,cwe170,PeerOf
954,cwe170,cwe20,ChildOf
955,cwe172,cwe707,ChildOf
956,cwe22,cwe172,CanFollow
957,cwe41,cwe172,CanFollow
958,cwe173,cwe172,ChildOf
959,cwe289,cwe173,CanFollow
960,cwe174,cwe172,ChildOf
961,cwe174,cwe675,ChildOf
962,cwe175,cwe172,ChildOf
963,cwe176,cwe172,ChildOf
964,cwe177,cwe172,ChildOf
965,cwe178,cwe706,ChildOf
966,cwe433,cwe178,CanFollow
967,cwe289,cwe178,CanFollow
968,cwe179,cwe20,ChildOf
969,cwe179,cwe696,ChildOf
970,cwe180,cwe179,ChildOf
971,cwe181,cwe179,ChildOf
972,cwe182,cwe693,ChildOf
973,cwe33,cwe182,CanFollow
974,cwe34,cwe182,CanFollow
975,cwe35,cwe182,CanFollow
976,cwe183,cwe697,ChildOf
977,cwe434,cwe183,CanFollow
978,cwe184,cwe693,ChildOf
979,cwe184,cwe1023,ChildOf
980,cwe79,cwe184,CanFollow
981,cwe78,cwe184,CanFollow
982,cwe434,cwe184,CanFollow
983,cwe98,cwe184,CanFollow
984,cwe185,cwe697,ChildOf
985,cwe187,cwe185,CanFollow
986,cwe182,cwe185,CanFollow
987,cwe186,cwe185,ChildOf
988,cwe187,cwe1023,ChildOf
989,cwe188,cwe1105,ChildOf
990,cwe188,cwe435,ChildOf
991,cwe190,cwe682,ChildOf
992,cwe190,cwe20,ChildOf
993,cwe119,cwe190,CanFollow
994,cwe191,cwe682,ChildOf
995,cwe192,cwe681,ChildOf
996,cwe193,cwe682,ChildOf
997,cwe617,cwe193,CanFollow
998,cwe170,cwe193,CanFollow
999,cwe119,cwe193,CanFollow
1000,cwe194,cwe681,ChildOf
1001,cwe195,cwe681,ChildOf
1002,cwe119,cwe195,CanFollow
1003,cwe196,cwe681,ChildOf
1004,cwe197,cwe681,ChildOf
1005,cwe198,cwe188,ChildOf
1006,cwe200,cwe668,ChildOf
1007,cwe201,cwe200,ChildOf
1008,cwe202,cwe1230,ChildOf
1009,cwe203,cwe200,ChildOf
1010,cwe204,cwe203,ChildOf
1011,cwe205,cwe203,ChildOf
1012,cwe514,cwe205,CanFollow
1013,cwe206,cwe205,ChildOf
1014,cwe207,cwe205,ChildOf
1015,cwe208,cwe203,ChildOf
1016,cwe385,cwe208,CanFollow
1017,cwe327,cwe208,CanFollow
1018,cwe209,cwe200,ChildOf
1019,cwe209,cwe755,ChildOf
1020,cwe210,cwe209,ChildOf
1021,cwe211,cwe209,ChildOf
1022,cwe212,cwe669,ChildOf
1023,cwe201,cwe212,CanFollow
1024,cwe213,cwe200,ChildOf
1025,cwe214,cwe497,ChildOf
1026,cwe215,cwe200,ChildOf
1027,cwe219,cwe552,ChildOf
1028,cwe220,cwe552,ChildOf
1029,cwe221,cwe664,ChildOf
1030,cwe222,cwe221,ChildOf
1031,cwe223,cwe221,ChildOf
1032,cwe224,cwe221,ChildOf
1033,cwe226,cwe459,ChildOf
1034,cwe226,cwe212,ChildOf
1035,cwe201,cwe226,CanFollow
1036,cwe228,cwe703,ChildOf
1037,cwe228,cwe707,ChildOf
1038,cwe229,cwe228,ChildOf
1039,cwe230,cwe229,ChildOf
1040,cwe231,cwe229,ChildOf
1041,cwe120,cwe231,CanFollow
1042,cwe232,cwe229,ChildOf
1043,cwe233,cwe228,ChildOf
1044,cwe234,cwe233,ChildOf
1045,cwe235,cwe233,ChildOf
1046,cwe236,cwe233,ChildOf
1047,cwe237,cwe228,ChildOf
1048,cwe238,cwe237,ChildOf
1049,cwe239,cwe237,ChildOf
1050,cwe404,cwe239,PeerOf
1051,cwe240,cwe237,ChildOf
1052,cwe240,cwe707,ChildOf
1053,cwe241,cwe228,ChildOf
1054,cwe242,cwe1177,ChildOf
1055,cwe243,cwe573,ChildOf
1056,cwe243,cwe669,ChildOf
1057,cwe244,cwe226,ChildOf
1058,cwe669,cwe244,CanFollow
1059,cwe245,cwe695,ChildOf
1060,cwe246,cwe695,ChildOf
1061,cwe248,cwe705,ChildOf
1062,cwe248,cwe755,ChildOf
1063,cwe248,cwe703,ChildOf
1064,cwe250,cwe269,ChildOf
1065,cwe250,cwe657,ChildOf
1066,cwe252,cwe754,ChildOf
1067,cwe476,cwe252,CanFollow
1068,cwe253,cwe573,ChildOf
1069,cwe253,cwe754,ChildOf
1070,cwe256,cwe522,ChildOf
1071,cwe257,cwe522,ChildOf
1072,cwe259,cwe257,PeerOf
1073,cwe258,cwe260,ChildOf
1074,cwe258,cwe521,ChildOf
1075,cwe259,cwe798,ChildOf
1076,cwe321,cwe259,PeerOf
1077,cwe260,cwe522,ChildOf
1078,cwe261,cwe522,ChildOf
1079,cwe262,cwe1390,ChildOf
1080,cwe309,cwe262,PeerOf
1081,cwe324,cwe262,PeerOf
1082,cwe263,cwe1390,ChildOf
1083,cwe266,cwe269,ChildOf
1084,cwe267,cwe269,ChildOf
1085,cwe268,cwe269,ChildOf
1086,cwe269,cwe284,ChildOf
1087,cwe270,cwe269,ChildOf
1088,cwe271,cwe269,ChildOf
1089,cwe272,cwe271,ChildOf
1090,cwe273,cwe754,ChildOf
1091,cwe273,cwe271,ChildOf
1092,cwe252,cwe273,PeerOf
1093,cwe274,cwe755,ChildOf
1094,cwe274,cwe269,ChildOf
1095,cwe271,cwe274,PeerOf
1096,cwe276,cwe732,ChildOf
1097,cwe277,cwe732,ChildOf
1098,cwe278,cwe732,ChildOf
1099,cwe279,cwe732,ChildOf
1100,cwe280,cwe755,ChildOf
1101,cwe281,cwe732,ChildOf
1102,cwe282,cwe284,ChildOf
1103,cwe283,cwe282,ChildOf
1104,cwe285,cwe284,ChildOf
1105,cwe286,cwe284,ChildOf
1106,cwe287,cwe284,ChildOf
1107,cwe288,cwe306,ChildOf
1108,cwe288,cwe284,ChildOf
1109,cwe420,cwe288,PeerOf
1110,cwe289,cwe1390,ChildOf
1111,cwe290,cwe1390,ChildOf
1112,cwe290,cwe287,ChildOf
1113,cwe291,cwe290,ChildOf
1114,cwe291,cwe923,ChildOf
1115,cwe291,cwe471,ChildOf
1116,cwe293,cwe290,ChildOf
1117,cwe294,cwe1390,ChildOf
1118,cwe294,cwe287,ChildOf
1119,cwe295,cwe287,ChildOf
1120,cwe322,cwe295,PeerOf
1121,cwe296,cwe295,ChildOf
1122,cwe296,cwe573,ChildOf
1123,cwe297,cwe923,ChildOf
1124,cwe297,cwe295,ChildOf
1125,cwe298,cwe295,ChildOf
1126,cwe298,cwe672,ChildOf
1127,cwe299,cwe295,ChildOf
1128,cwe299,cwe404,ChildOf
1129,cwe300,cwe923,ChildOf
1130,cwe301,cwe1390,ChildOf
1131,cwe327,cwe301,PeerOf
1132,cwe302,cwe1390,ChildOf
1133,cwe302,cwe807,ChildOf
1134,cwe303,cwe1390,ChildOf
1135,cwe304,cwe303,ChildOf
1136,cwe304,cwe573,ChildOf
1137,cwe305,cwe1390,ChildOf
1138,cwe306,cwe287,ChildOf
1139,cwe307,cwe1390,ChildOf
1140,cwe307,cwe287,ChildOf
1141,cwe307,cwe799,ChildOf
1142,cwe308,cwe1390,ChildOf
1143,cwe308,cwe654,ChildOf
1144,cwe309,cwe308,PeerOf
1145,cwe309,cwe1390,ChildOf
1146,cwe309,cwe654,ChildOf
1147,cwe311,cwe693,ChildOf
1148,cwe312,cwe311,ChildOf
1149,cwe312,cwe922,ChildOf
1150,cwe313,cwe312,ChildOf
1151,cwe314,cwe312,ChildOf
1152,cwe315,cwe312,ChildOf
1153,cwe316,cwe312,ChildOf
1154,cwe317,cwe312,ChildOf
1155,cwe318,cwe312,ChildOf
1156,cwe319,cwe311,ChildOf
1157,cwe321,cwe798,ChildOf
1158,cwe322,cwe306,ChildOf
1159,cwe923,cwe322,CanFollow
1160,cwe323,cwe344,ChildOf
1161,cwe324,cwe672,ChildOf
1162,cwe298,cwe324,PeerOf
1163,cwe325,cwe573,ChildOf
1164,cwe358,cwe325,PeerOf
1165,cwe326,cwe693,ChildOf
1166,cwe327,cwe693,ChildOf
1167,cwe311,cwe327,PeerOf
1168,cwe328,cwe326,ChildOf
1169,cwe328,cwe327,ChildOf
1170,cwe329,cwe1204,ChildOf
1171,cwe329,cwe573,ChildOf
1172,cwe330,cwe693,ChildOf
1173,cwe804,cwe330,CanFollow
1174,cwe331,cwe330,ChildOf
1175,cwe332,cwe331,ChildOf
1176,cwe333,cwe331,ChildOf
1177,cwe333,cwe755,ChildOf
1178,cwe334,cwe330,ChildOf
1179,cwe335,cwe330,ChildOf
1180,cwe336,cwe335,ChildOf
1181,cwe337,cwe335,ChildOf
1182,cwe338,cwe330,ChildOf
1183,cwe339,cwe335,ChildOf
1184,cwe341,cwe339,PeerOf
1185,cwe340,cwe330,ChildOf
1186,cwe341,cwe340,ChildOf
1187,cwe342,cwe340,ChildOf
1188,cwe343,cwe340,ChildOf
1189,cwe344,cwe330,ChildOf
1190,cwe345,cwe693,ChildOf
1191,cwe346,cwe345,ChildOf
1192,cwe346,cwe284,ChildOf
1193,cwe347,cwe345,ChildOf
1194,cwe348,cwe345,ChildOf
1195,cwe349,cwe345,ChildOf
1196,cwe350,cwe290,ChildOf
1197,cwe350,cwe807,ChildOf
1198,cwe923,cwe350,CanFollow
1199,cwe351,cwe345,ChildOf
1200,cwe436,cwe351,PeerOf
1201,cwe352,cwe345,ChildOf
1202,cwe353,cwe345,ChildOf
1203,cwe354,cwe353,PeerOf
1204,cwe354,cwe345,ChildOf
1205,cwe354,cwe754,ChildOf
1206,cwe356,cwe221,ChildOf
1207,cwe357,cwe693,ChildOf
1208,cwe358,cwe573,ChildOf
1209,cwe358,cwe693,ChildOf
1210,cwe359,cwe200,ChildOf
1211,cwe360,cwe345,ChildOf
1212,cwe362,cwe691,ChildOf
1213,cwe363,cwe367,ChildOf
1214,cwe59,cwe363,CanFollow
1215,cwe364,cwe362,ChildOf
1216,cwe415,cwe364,CanFollow
1217,cwe416,cwe364,CanFollow
1218,cwe123,cwe364,CanFollow
1219,cwe366,cwe362,ChildOf
1220,cwe366,cwe662,ChildOf
1221,cwe367,cwe362,ChildOf
1222,cwe368,cwe362,ChildOf
1223,cwe369,cwe682,ChildOf
1224,cwe370,cwe299,ChildOf
1225,cwe296,cwe370,PeerOf
1226,cwe297,cwe370,PeerOf
1227,cwe298,cwe370,PeerOf
1228,cwe372,cwe664,ChildOf
1229,cwe374,cwe668,ChildOf
1230,cwe375,cwe668,ChildOf
1231,cwe377,cwe668,ChildOf
1232,cwe378,cwe377,ChildOf
1233,cwe379,cwe377,ChildOf
1234,cwe382,cwe705,ChildOf
1235,cwe383,cwe695,ChildOf
1236,cwe384,cwe610,ChildOf
1237,cwe385,cwe514,ChildOf
1238,cwe386,cwe706,ChildOf
1239,cwe367,cwe386,PeerOf
1240,cwe610,cwe386,PeerOf
1241,cwe486,cwe386,PeerOf
1242,cwe390,cwe755,ChildOf
1243,cwe401,cwe390,CanFollow
1244,cwe391,cwe754,ChildOf
1245,cwe391,cwe703,ChildOf
1246,cwe392,cwe755,ChildOf
1247,cwe392,cwe684,ChildOf
1248,cwe392,cwe703,ChildOf
1249,cwe393,cwe684,ChildOf
1250,cwe393,cwe703,ChildOf
1251,cwe394,cwe754,ChildOf
1252,cwe395,cwe705,ChildOf
1253,cwe395,cwe755,ChildOf
1254,cwe396,cwe705,ChildOf
1255,cwe396,cwe755,ChildOf
1256,cwe396,cwe221,ChildOf
1257,cwe397,cwe705,ChildOf
1258,cwe397,cwe221,ChildOf
1259,cwe397,cwe703,ChildOf
1260,cwe400,cwe664,ChildOf
1261,cwe401,cwe772,ChildOf
1262,cwe401,cwe404,ChildOf
1263,cwe402,cwe668,ChildOf
1264,cwe403,cwe402,ChildOf
1265,cwe404,cwe664,ChildOf
1266,cwe405,cwe404,PeerOf
1267,cwe619,cwe404,CanFollow
1268,cwe405,cwe400,ChildOf
1269,cwe406,cwe405,ChildOf
1270,cwe407,cwe405,ChildOf
1271,cwe408,cwe405,ChildOf
1272,cwe408,cwe696,ChildOf
1273,cwe409,cwe405,ChildOf
1274,cwe410,cwe664,ChildOf
1275,cwe400,cwe410,CanFollow
1276,cwe412,cwe667,ChildOf
1277,cwe413,cwe667,ChildOf
1278,cwe414,cwe667,ChildOf
1279,cwe415,cwe825,ChildOf
1280,cwe415,cwe1341,ChildOf
1281,cwe415,cwe672,ChildOf
1282,cwe415,cwe666,ChildOf
1283,cwe416,cwe415,PeerOf
1284,cwe123,cwe415,PeerOf
1285,cwe416,cwe825,ChildOf
1286,cwe416,cwe672,ChildOf
1287,cwe120,cwe416,CanFollow
1288,cwe123,cwe416,CanFollow
1289,cwe419,cwe923,ChildOf
1290,cwe420,cwe923,ChildOf
1291,cwe421,cwe420,ChildOf
1292,cwe421,cwe362,ChildOf
1293,cwe422,cwe420,ChildOf
1294,cwe422,cwe360,ChildOf
1295,cwe424,cwe693,ChildOf
1296,cwe424,cwe638,ChildOf
1297,cwe425,cwe862,ChildOf
1298,cwe425,cwe288,ChildOf
1299,cwe425,cwe424,ChildOf
1300,cwe471,cwe425,CanFollow
1301,cwe98,cwe425,CanFollow
1302,cwe426,cwe642,ChildOf
1303,cwe426,cwe668,ChildOf
1304,cwe426,cwe673,ChildOf
1305,cwe427,cwe426,PeerOf
1306,cwe428,cwe426,PeerOf
1307,cwe427,cwe668,ChildOf
1308,cwe428,cwe668,ChildOf
1309,cwe430,cwe691,ChildOf
1310,cwe433,cwe430,CanFollow
1311,cwe434,cwe430,PeerOf
1312,cwe431,cwe691,ChildOf
1313,cwe433,cwe431,CanFollow
1314,cwe432,cwe364,ChildOf
1315,cwe433,cwe219,ChildOf
1316,cwe434,cwe669,ChildOf
1317,cwe351,cwe434,PeerOf
1318,cwe436,cwe434,PeerOf
1319,cwe436,cwe435,ChildOf
1320,cwe437,cwe436,ChildOf
1321,cwe439,cwe435,ChildOf
1322,cwe440,cwe684,ChildOf
1323,cwe441,cwe610,ChildOf
1324,cwe668,cwe441,CanFollow
1325,cwe444,cwe436,ChildOf
1326,cwe446,cwe684,ChildOf
1327,cwe447,cwe446,ChildOf
1328,cwe447,cwe671,ChildOf
1329,cwe448,cwe446,ChildOf
1330,cwe449,cwe446,ChildOf
1331,cwe450,cwe357,ChildOf
1332,cwe451,cwe684,ChildOf
1333,cwe451,cwe221,ChildOf
1334,cwe346,cwe451,PeerOf
1335,cwe453,cwe1188,ChildOf
1336,cwe454,cwe1419,ChildOf
1337,cwe455,cwe665,ChildOf
1338,cwe455,cwe705,ChildOf
1339,cwe455,cwe636,ChildOf
1340,cwe456,cwe909,ChildOf
1341,cwe456,cwe665,ChildOf
1342,cwe89,cwe456,CanFollow
1343,cwe120,cwe456,CanFollow
1344,cwe98,cwe456,CanFollow
1345,cwe457,cwe456,CanFollow
1346,cwe457,cwe908,ChildOf
1347,cwe457,cwe665,ChildOf
1348,cwe459,cwe404,ChildOf
1349,cwe460,cwe459,ChildOf
1350,cwe460,cwe755,ChildOf
1351,cwe462,cwe694,ChildOf
1352,cwe463,cwe707,ChildOf
1353,cwe464,cwe463,PeerOf
1354,cwe464,cwe138,ChildOf
1355,cwe466,cwe119,ChildOf
1356,cwe466,cwe20,ChildOf
1357,cwe467,cwe131,ChildOf
1358,cwe468,cwe682,ChildOf
1359,cwe469,cwe682,ChildOf
1360,cwe470,cwe913,ChildOf
1361,cwe470,cwe610,ChildOf
1362,cwe470,cwe20,ChildOf
1363,cwe471,cwe664,ChildOf
1364,cwe472,cwe642,ChildOf
1365,cwe472,cwe471,ChildOf
1366,cwe473,cwe471,ChildOf
1367,cwe98,cwe473,CanFollow
1368,cwe474,cwe758,ChildOf
1369,cwe475,cwe573,ChildOf
1370,cwe476,cwe710,ChildOf
1371,cwe476,cwe754,ChildOf
1372,cwe477,cwe710,ChildOf
1373,cwe478,cwe1023,ChildOf
1374,cwe479,cwe828,ChildOf
1375,cwe479,cwe663,ChildOf
1376,cwe123,cwe479,CanFollow
1377,cwe480,cwe670,ChildOf
1378,cwe481,cwe480,ChildOf
1379,cwe697,cwe481,CanFollow
1380,cwe482,cwe480,ChildOf
1381,cwe483,cwe670,ChildOf
1382,cwe484,cwe710,ChildOf
1383,cwe484,cwe670,ChildOf
1384,cwe486,cwe1025,ChildOf
1385,cwe487,cwe664,ChildOf
1386,cwe488,cwe668,ChildOf
1387,cwe489,cwe710,ChildOf
1388,cwe215,cwe489,CanFollow
1389,cwe491,cwe668,ChildOf
1390,cwe492,cwe668,ChildOf
1391,cwe493,cwe668,ChildOf
1392,cwe494,cwe345,ChildOf
1393,cwe494,cwe669,ChildOf
1394,cwe495,cwe664,ChildOf
1395,cwe496,cwe664,ChildOf
1396,cwe497,cwe200,ChildOf
1397,cwe498,cwe668,ChildOf
1398,cwe200,cwe498,CanFollow
1399,cwe499,cwe668,ChildOf
1400,cwe200,cwe499,CanFollow
1401,cwe500,cwe493,ChildOf
1402,cwe501,cwe664,ChildOf
1403,cwe502,cwe913,ChildOf
1404,cwe915,cwe502,PeerOf
1405,cwe506,cwe912,ChildOf
1406,cwe507,cwe506,ChildOf
1407,cwe508,cwe507,ChildOf
1408,cwe509,cwe507,ChildOf
1409,cwe510,cwe506,ChildOf
1410,cwe511,cwe506,ChildOf
1411,cwe512,cwe506,ChildOf
1412,cwe514,cwe1229,ChildOf
1413,cwe515,cwe514,ChildOf
1414,cwe520,cwe266,ChildOf
1415,cwe521,cwe1391,ChildOf
1416,cwe521,cwe287,ChildOf
1417,cwe522,cwe1390,ChildOf
1418,cwe522,cwe287,ChildOf
1419,cwe522,cwe668,ChildOf
1420,cwe523,cwe522,ChildOf
1421,cwe524,cwe668,ChildOf
1422,cwe525,cwe524,ChildOf
1423,cwe526,cwe312,ChildOf
1424,cwe214,cwe526,PeerOf
1425,cwe527,cwe552,ChildOf
1426,cwe528,cwe552,ChildOf
1427,cwe529,cwe552,ChildOf
1428,cwe530,cwe552,ChildOf
1429,cwe531,cwe540,ChildOf
1430,cwe532,cwe538,ChildOf
1431,cwe532,cwe200,ChildOf
1432,cwe535,cwe211,ChildOf
1433,cwe536,cwe211,ChildOf
1434,cwe537,cwe211,ChildOf
1435,cwe538,cwe200,ChildOf
1436,cwe539,cwe552,ChildOf
1437,cwe540,cwe538,ChildOf
1438,cwe541,cwe540,ChildOf
1439,cwe543,cwe820,ChildOf
1440,cwe543,cwe662,ChildOf
1441,cwe544,cwe755,ChildOf
1442,cwe546,cwe1078,ChildOf
1443,cwe547,cwe1078,ChildOf
1444,cwe548,cwe497,ChildOf
1445,cwe549,cwe522,ChildOf
1446,cwe550,cwe209,ChildOf
1447,cwe551,cwe863,ChildOf
1448,cwe551,cwe696,ChildOf
1449,cwe552,cwe668,ChildOf
1450,cwe552,cwe285,ChildOf
1451,cwe553,cwe552,ChildOf
1452,cwe554,cwe1173,ChildOf
1453,cwe555,cwe260,ChildOf
1454,cwe556,cwe266,ChildOf
1455,cwe558,cwe663,ChildOf
1456,cwe560,cwe687,ChildOf
1457,cwe561,cwe1164,ChildOf
1458,cwe562,cwe758,ChildOf
1459,cwe672,cwe562,CanFollow
1460,cwe825,cwe562,CanFollow
1461,cwe563,cwe1164,ChildOf
1462,cwe564,cwe89,ChildOf
1463,cwe565,cwe642,ChildOf
1464,cwe565,cwe669,ChildOf
1465,cwe565,cwe602,ChildOf
1466,cwe566,cwe639,ChildOf
1467,cwe567,cwe820,ChildOf
1468,cwe567,cwe662,ChildOf
1469,cwe488,cwe567,CanFollow
1470,cwe568,cwe573,ChildOf
1471,cwe568,cwe459,ChildOf
1472,cwe570,cwe710,ChildOf
1473,cwe561,cwe570,CanFollow
1474,cwe571,cwe710,ChildOf
1475,cwe561,cwe571,CanFollow
1476,cwe572,cwe821,ChildOf
1477,cwe573,cwe710,ChildOf
1478,cwe574,cwe695,ChildOf
1479,cwe574,cwe821,ChildOf
1480,cwe575,cwe695,ChildOf
1481,cwe576,cwe695,ChildOf
1482,cwe577,cwe573,ChildOf
1483,cwe578,cwe573,ChildOf
1484,cwe579,cwe573,ChildOf
1485,cwe580,cwe664,ChildOf
1486,cwe580,cwe573,ChildOf
1487,cwe581,cwe573,ChildOf
1488,cwe581,cwe697,ChildOf
1489,cwe582,cwe668,ChildOf
1490,cwe583,cwe668,ChildOf
1491,cwe584,cwe705,ChildOf
1492,cwe585,cwe1071,ChildOf
1493,cwe586,cwe1076,ChildOf
1494,cwe587,cwe344,ChildOf
1495,cwe587,cwe758,ChildOf
1496,cwe588,cwe704,ChildOf
1497,cwe588,cwe758,ChildOf
1498,cwe589,cwe474,ChildOf
1499,cwe590,cwe762,ChildOf
1500,cwe123,cwe590,CanFollow
1501,cwe591,cwe413,ChildOf
1502,cwe593,cwe666,ChildOf
1503,cwe593,cwe1390,ChildOf
1504,cwe594,cwe1076,ChildOf
1505,cwe595,cwe1025,ChildOf
1506,cwe597,cwe595,ChildOf
1507,cwe597,cwe480,ChildOf
1508,cwe598,cwe201,ChildOf
1509,cwe599,cwe295,ChildOf
1510,cwe600,cwe248,ChildOf
1511,cwe209,cwe600,CanFollow
1512,cwe390,cwe600,PeerOf
1513,cwe601,cwe610,ChildOf
1514,cwe602,cwe693,ChildOf
1515,cwe471,cwe602,CanFollow
1516,cwe290,cwe602,PeerOf
1517,cwe300,cwe602,PeerOf
1518,cwe603,cwe1390,ChildOf
1519,cwe603,cwe602,ChildOf
1520,cwe300,cwe603,PeerOf
1521,cwe656,cwe603,PeerOf
1522,cwe605,cwe675,ChildOf
1523,cwe605,cwe666,ChildOf
1524,cwe606,cwe1284,ChildOf
1525,cwe834,cwe606,CanFollow
1526,cwe607,cwe471,ChildOf
1527,cwe608,cwe668,ChildOf
1528,cwe609,cwe667,ChildOf
1529,cwe367,cwe609,CanFollow
1530,cwe610,cwe664,ChildOf
1531,cwe611,cwe610,ChildOf
1532,cwe441,cwe611,PeerOf
1533,cwe612,cwe1230,ChildOf
1534,cwe613,cwe672,ChildOf
1535,cwe287,cwe613,CanFollow
1536,cwe614,cwe319,ChildOf
1537,cwe615,cwe540,ChildOf
1538,cwe546,cwe615,PeerOf
1539,cwe616,cwe345,ChildOf
1540,cwe473,cwe616,PeerOf
1541,cwe617,cwe670,ChildOf
1542,cwe618,cwe749,ChildOf
1543,cwe619,cwe402,ChildOf
1544,cwe620,cwe1390,ChildOf
1545,cwe621,cwe914,ChildOf
1546,cwe471,cwe621,CanFollow
1547,cwe622,cwe20,ChildOf
1548,cwe623,cwe267,ChildOf
1549,cwe618,cwe623,PeerOf
1550,cwe624,cwe77,ChildOf
1551,cwe625,cwe185,ChildOf
1552,cwe187,cwe625,PeerOf
1553,cwe184,cwe625,PeerOf
1554,cwe183,cwe625,PeerOf
1555,cwe626,cwe147,ChildOf
1556,cwe626,cwe436,ChildOf
1557,cwe627,cwe914,ChildOf
1558,cwe183,cwe627,PeerOf
1559,cwe628,cwe573,ChildOf
1560,cwe636,cwe657,ChildOf
1561,cwe636,cwe755,ChildOf
1562,cwe280,cwe636,PeerOf
1563,cwe637,cwe657,ChildOf
1564,cwe638,cwe657,ChildOf
1565,cwe638,cwe862,ChildOf
1566,cwe639,cwe863,ChildOf
1567,cwe639,cwe284,ChildOf
1568,cwe640,cwe1390,ChildOf
1569,cwe640,cwe287,ChildOf
1570,cwe641,cwe99,ChildOf
1571,cwe642,cwe668,ChildOf
1572,cwe643,cwe943,ChildOf
1573,cwe643,cwe91,ChildOf
1574,cwe644,cwe116,ChildOf
1575,cwe645,cwe287,ChildOf
1576,cwe646,cwe345,ChildOf
1577,cwe647,cwe863,ChildOf
1578,cwe648,cwe269,ChildOf
1579,cwe649,cwe345,ChildOf
1580,cwe650,cwe436,ChildOf
1581,cwe651,cwe538,ChildOf
1582,cwe652,cwe943,ChildOf
1583,cwe652,cwe91,ChildOf
1584,cwe653,cwe657,ChildOf
1585,cwe653,cwe693,ChildOf
1586,cwe654,cwe657,ChildOf
1587,cwe654,cwe693,ChildOf
1588,cwe655,cwe657,ChildOf
1589,cwe655,cwe693,ChildOf
1590,cwe656,cwe657,ChildOf
1591,cwe656,cwe693,ChildOf
1592,cwe259,cwe656,CanFollow
1593,cwe321,cwe656,CanFollow
1594,cwe472,cwe656,CanFollow
1595,cwe657,cwe710,ChildOf
1596,cwe662,cwe664,ChildOf
1597,cwe662,cwe691,ChildOf
1598,cwe362,cwe662,CanFollow
1599,cwe663,cwe662,ChildOf
1600,cwe665,cwe664,ChildOf
1601,cwe666,cwe664,ChildOf
1602,cwe667,cwe662,ChildOf
1603,cwe668,cwe664,ChildOf
1604,cwe669,cwe664,ChildOf
1605,cwe670,cwe691,ChildOf
1606,cwe671,cwe657,ChildOf
1607,cwe672,cwe666,ChildOf
1608,cwe673,cwe664,ChildOf
1609,cwe674,cwe834,ChildOf
1610,cwe675,cwe573,ChildOf
1611,cwe586,cwe675,PeerOf
1612,cwe102,cwe675,PeerOf
1613,cwe676,cwe1177,ChildOf
1614,cwe681,cwe704,ChildOf
1615,cwe682,cwe681,CanFollow
1616,cwe170,cwe682,CanFollow
1617,cwe683,cwe628,ChildOf
1618,cwe684,cwe710,ChildOf
1619,cwe685,cwe628,ChildOf
1620,cwe686,cwe628,ChildOf
1621,cwe687,cwe628,ChildOf
1622,cwe688,cwe628,ChildOf
1623,cwe689,cwe362,ChildOf
1624,cwe694,cwe99,ChildOf
1625,cwe694,cwe573,ChildOf
1626,cwe695,cwe573,ChildOf
1627,cwe696,cwe691,ChildOf
1628,cwe698,cwe705,ChildOf
1629,cwe698,cwe670,ChildOf
1630,cwe704,cwe664,ChildOf
1631,cwe705,cwe691,ChildOf
1632,cwe706,cwe664,ChildOf
1633,cwe708,cwe282,ChildOf
1634,cwe732,cwe285,ChildOf
1635,cwe732,cwe668,ChildOf
1636,cwe733,cwe1038,ChildOf
1637,cwe749,cwe284,ChildOf
1638,cwe754,cwe703,ChildOf
1639,cwe755,cwe703,ChildOf
1640,cwe756,cwe755,ChildOf
1641,cwe209,cwe756,CanFollow
1642,cwe757,cwe693,ChildOf
1643,cwe758,cwe710,ChildOf
1644,cwe759,cwe916,ChildOf
1645,cwe760,cwe916,ChildOf
1646,cwe761,cwe763,ChildOf
1647,cwe761,cwe404,ChildOf
1648,cwe762,cwe763,ChildOf
1649,cwe762,cwe404,ChildOf
1650,cwe763,cwe404,ChildOf
1651,cwe764,cwe667,ChildOf
1652,cwe764,cwe675,ChildOf
1653,cwe764,cwe662,ChildOf
1654,cwe765,cwe667,ChildOf
1655,cwe765,cwe675,ChildOf
1656,cwe766,cwe732,ChildOf
1657,cwe766,cwe1061,ChildOf
1658,cwe767,cwe668,ChildOf
1659,cwe768,cwe691,ChildOf
1660,cwe770,cwe400,ChildOf
1661,cwe770,cwe665,ChildOf
1662,cwe771,cwe400,ChildOf
1663,cwe772,cwe404,ChildOf
1664,cwe773,cwe771,ChildOf
1665,cwe774,cwe770,ChildOf
1666,cwe775,cwe772,ChildOf
1667,cwe775,cwe404,ChildOf
1668,cwe776,cwe674,ChildOf
1669,cwe776,cwe405,ChildOf
1670,cwe777,cwe625,ChildOf
1671,cwe778,cwe223,ChildOf
1672,cwe778,cwe693,ChildOf
1673,cwe779,cwe400,ChildOf
1674,cwe780,cwe327,ChildOf
1675,cwe781,cwe1285,ChildOf
1676,cwe822,cwe781,CanFollow
1677,cwe782,cwe749,ChildOf
1678,cwe781,cwe782,CanFollow
1679,cwe783,cwe670,ChildOf
1680,cwe784,cwe807,ChildOf
1681,cwe784,cwe565,ChildOf
1682,cwe785,cwe676,ChildOf
1683,cwe785,cwe120,ChildOf
1684,cwe785,cwe20,ChildOf
1685,cwe786,cwe119,ChildOf
1686,cwe787,cwe119,ChildOf
1687,cwe788,cwe119,ChildOf
1688,cwe789,cwe770,ChildOf
1689,cwe476,cwe789,CanFollow
1690,cwe790,cwe138,ChildOf
1691,cwe791,cwe790,ChildOf
1692,cwe792,cwe791,ChildOf
1693,cwe793,cwe792,ChildOf
1694,cwe794,cwe792,ChildOf
1695,cwe795,cwe791,ChildOf
1696,cwe796,cwe795,ChildOf
1697,cwe797,cwe795,ChildOf
1698,cwe798,cwe1391,ChildOf
1699,cwe798,cwe287,ChildOf
1700,cwe798,cwe344,ChildOf
1701,cwe798,cwe671,ChildOf
1702,cwe257,cwe798,PeerOf
1703,cwe799,cwe691,ChildOf
1704,cwe804,cwe863,ChildOf
1705,cwe804,cwe1390,ChildOf
1706,cwe805,cwe119,ChildOf
1707,cwe806,cwe805,ChildOf
1708,cwe807,cwe693,ChildOf
1709,cwe820,cwe662,ChildOf
1710,cwe821,cwe662,ChildOf
1711,cwe822,cwe119,ChildOf
1712,cwe125,cwe822,CanFollow
1713,cwe787,cwe822,CanFollow
1714,cwe823,cwe119,ChildOf
1715,cwe125,cwe823,CanFollow
1716,cwe787,cwe823,CanFollow
1717,cwe824,cwe119,ChildOf
1718,cwe125,cwe824,CanFollow
1719,cwe787,cwe824,CanFollow
1720,cwe825,cwe119,ChildOf
1721,cwe825,cwe672,ChildOf
1722,cwe125,cwe825,CanFollow
1723,cwe787,cwe825,CanFollow
1724,cwe826,cwe666,ChildOf
1725,cwe672,cwe826,CanFollow
1726,cwe827,cwe706,ChildOf
1727,cwe827,cwe829,ChildOf
1728,cwe776,cwe827,CanFollow
1729,cwe828,cwe364,ChildOf
1730,cwe829,cwe669,ChildOf
1731,cwe830,cwe829,ChildOf
1732,cwe831,cwe364,ChildOf
1733,cwe832,cwe667,ChildOf
1734,cwe833,cwe667,ChildOf
1735,cwe833,cwe662,ChildOf
1736,cwe834,cwe691,ChildOf
1737,cwe835,cwe834,ChildOf
1738,cwe836,cwe1390,ChildOf
1739,cwe602,cwe836,PeerOf
1740,cwe837,cwe799,ChildOf
1741,cwe838,cwe116,ChildOf
1742,cwe839,cwe1023,ChildOf
1743,cwe195,cwe839,CanFollow
1744,cwe682,cwe839,CanFollow
1745,cwe119,cwe839,CanFollow
1746,cwe124,cwe839,CanFollow
1747,cwe841,cwe691,ChildOf
1748,cwe842,cwe286,ChildOf
1749,cwe843,cwe704,ChildOf
1750,cwe119,cwe843,CanFollow
1751,cwe862,cwe285,ChildOf
1752,cwe862,cwe284,ChildOf
1753,cwe863,cwe285,ChildOf
1754,cwe863,cwe284,ChildOf
1755,cwe908,cwe665,ChildOf
1756,cwe909,cwe665,ChildOf
1757,cwe908,cwe909,CanFollow
1758,cwe910,cwe672,ChildOf
1759,cwe911,cwe664,ChildOf
1760,cwe672,cwe911,CanFollow
1761,cwe772,cwe911,CanFollow
1762,cwe912,cwe684,ChildOf
1763,cwe913,cwe664,ChildOf
1764,cwe914,cwe99,ChildOf
1765,cwe914,cwe913,ChildOf
1766,cwe915,cwe913,ChildOf
1767,cwe916,cwe328,ChildOf
1768,cwe916,cwe327,ChildOf
1769,cwe917,cwe77,ChildOf
1770,cwe1336,cwe917,PeerOf
1771,cwe917,cwe74,ChildOf
1772,cwe918,cwe441,ChildOf
1773,cwe918,cwe610,ChildOf
1774,cwe920,cwe400,ChildOf
1775,cwe921,cwe922,ChildOf
1776,cwe922,cwe664,ChildOf
1777,cwe923,cwe284,ChildOf
1778,cwe924,cwe345,ChildOf
1779,cwe925,cwe940,ChildOf
1780,cwe926,cwe285,ChildOf
1781,cwe927,cwe285,ChildOf
1782,cwe927,cwe668,ChildOf
1783,cwe939,cwe862,ChildOf
1784,cwe940,cwe923,ChildOf
1785,cwe940,cwe346,ChildOf
1786,cwe941,cwe923,ChildOf
1787,cwe406,cwe941,CanFollow
1788,cwe942,cwe863,ChildOf
1789,cwe942,cwe923,ChildOf
1790,cwe942,cwe183,ChildOf
1791,cwe668,cwe942,CanFollow
1792,cwe943,cwe74,ChildOf
1793,cwe1004,cwe732,ChildOf
1794,cwe1007,cwe451,ChildOf
1795,cwe1021,cwe441,ChildOf
1796,cwe1021,cwe610,ChildOf
1797,cwe1021,cwe451,ChildOf
1798,cwe1022,cwe266,ChildOf
1799,cwe1023,cwe697,ChildOf
1800,cwe1024,cwe697,ChildOf
1801,cwe1025,cwe697,ChildOf
1802,cwe1037,cwe1038,ChildOf
1803,cwe1038,cwe435,ChildOf
1804,cwe1038,cwe758,ChildOf
1805,cwe1039,cwe693,ChildOf
1806,cwe1039,cwe697,ChildOf
1807,cwe1041,cwe710,ChildOf
1808,cwe1042,cwe1176,ChildOf
1809,cwe1043,cwe1093,ChildOf
1810,cwe1044,cwe710,ChildOf
1811,cwe1045,cwe1076,ChildOf
1812,cwe1046,cwe1176,ChildOf
1813,cwe1047,cwe1120,ChildOf
1814,cwe1048,cwe710,ChildOf
1815,cwe1049,cwe1176,ChildOf
1816,cwe1050,cwe405,ChildOf
1817,cwe1051,cwe1419,ChildOf
1818,cwe1052,cwe1419,ChildOf
1819,cwe1053,cwe1059,ChildOf
1820,cwe1054,cwe1061,ChildOf
1821,cwe1055,cwe1093,ChildOf
1822,cwe1056,cwe1120,ChildOf
1823,cwe1057,cwe1061,ChildOf
1824,cwe1058,cwe662,ChildOf
1825,cwe1059,cwe710,ChildOf
1826,cwe1060,cwe1120,ChildOf
1827,cwe1061,cwe710,ChildOf
1828,cwe1062,cwe1061,ChildOf
1829,cwe1063,cwe1176,ChildOf
1830,cwe1064,cwe1120,ChildOf
1831,cwe1065,cwe710,ChildOf
1832,cwe1066,cwe710,ChildOf
1833,cwe1067,cwe1176,ChildOf
1834,cwe1068,cwe710,ChildOf
1835,cwe1069,cwe1071,ChildOf
1836,cwe1070,cwe1076,ChildOf
1837,cwe1071,cwe1164,ChildOf
1838,cwe1072,cwe405,ChildOf
1839,cwe1073,cwe405,ChildOf
1840,cwe1074,cwe1093,ChildOf
1841,cwe1075,cwe1120,ChildOf
1842,cwe1076,cwe710,ChildOf
1843,cwe1077,cwe697,ChildOf
1844,cwe1078,cwe1076,ChildOf
1845,cwe1079,cwe1076,ChildOf
1846,cwe1080,cwe1120,ChildOf
1847,cwe1082,cwe1076,ChildOf
1848,cwe1083,cwe1061,ChildOf
1849,cwe1084,cwe405,ChildOf
1850,cwe1085,cwe1078,ChildOf
1851,cwe1086,cwe1093,ChildOf
1852,cwe1087,cwe1076,ChildOf
1853,cwe1088,cwe821,ChildOf
1854,cwe1089,cwe405,ChildOf
1855,cwe1090,cwe1061,ChildOf
1856,cwe1091,cwe772,ChildOf
1857,cwe1091,cwe1076,ChildOf
1858,cwe1092,cwe710,ChildOf
1859,cwe1093,cwe710,ChildOf
1860,cwe1094,cwe405,ChildOf
1861,cwe1095,cwe1120,ChildOf
1862,cwe1096,cwe820,ChildOf
1863,cwe1096,cwe662,ChildOf
1864,cwe1097,cwe1076,ChildOf
1865,cwe1097,cwe595,ChildOf
1866,cwe1098,cwe1076,ChildOf
1867,cwe1099,cwe1078,ChildOf
1868,cwe1100,cwe1061,ChildOf
1869,cwe1101,cwe710,ChildOf
1870,cwe1102,cwe758,ChildOf
1871,cwe1105,cwe1102,PeerOf
1872,cwe1103,cwe758,ChildOf
1873,cwe1104,cwe1357,ChildOf
1874,cwe1105,cwe758,ChildOf
1875,cwe1105,cwe1061,ChildOf
1876,cwe1106,cwe1078,ChildOf
1877,cwe1107,cwe1078,ChildOf
1878,cwe1108,cwe1076,ChildOf
1879,cwe1109,cwe1078,ChildOf
1880,cwe1110,cwe1059,ChildOf
1881,cwe1111,cwe1059,ChildOf
1882,cwe1112,cwe1059,ChildOf
1883,cwe1113,cwe1078,ChildOf
1884,cwe1114,cwe1078,ChildOf
1885,cwe1115,cwe1078,ChildOf
1886,cwe1116,cwe1078,ChildOf
1887,cwe1117,cwe1078,ChildOf
1888,cwe1118,cwe1059,ChildOf
1889,cwe1119,cwe1120,ChildOf
1890,cwe1120,cwe710,ChildOf
1891,cwe1121,cwe1120,ChildOf
1892,cwe1122,cwe1120,ChildOf
1893,cwe1123,cwe1120,ChildOf
1894,cwe1124,cwe1120,ChildOf
1895,cwe1125,cwe1120,ChildOf
1896,cwe1126,cwe710,ChildOf
1897,cwe1127,cwe710,ChildOf
1898,cwe1164,cwe710,ChildOf
1899,cwe1173,cwe20,ChildOf
1900,cwe1174,cwe1173,ChildOf
1901,cwe1176,cwe405,ChildOf
1902,cwe1177,cwe710,ChildOf
1903,cwe1188,cwe1419,ChildOf
1904,cwe1188,cwe665,ChildOf
1905,cwe1189,cwe653,ChildOf
1906,cwe1189,cwe668,ChildOf
1907,cwe1331,cwe1189,PeerOf
1908,cwe1190,cwe696,ChildOf
1909,cwe1191,cwe284,ChildOf
1910,cwe1192,cwe657,ChildOf
1911,cwe1193,cwe696,ChildOf
1912,cwe1204,cwe330,ChildOf
1913,cwe1209,cwe710,ChildOf
1914,cwe1220,cwe284,ChildOf
1915,cwe1221,cwe1419,ChildOf
1916,cwe1222,cwe1220,ChildOf
1917,cwe1223,cwe362,ChildOf
1918,cwe1224,cwe284,ChildOf
1919,cwe1229,cwe664,ChildOf
1920,cwe1230,cwe285,ChildOf
1921,cwe1231,cwe284,ChildOf
1922,cwe1232,cwe667,ChildOf
1923,cwe1233,cwe284,ChildOf
1924,cwe1233,cwe667,ChildOf
1925,cwe1234,cwe667,ChildOf
1926,cwe1235,cwe400,ChildOf
1927,cwe1236,cwe74,ChildOf
1928,cwe1239,cwe226,ChildOf
1929,cwe1240,cwe327,ChildOf
1930,cwe1241,cwe330,ChildOf
1931,cwe1242,cwe284,ChildOf
1932,cwe1243,cwe1263,ChildOf
1933,cwe1244,cwe863,ChildOf
1934,cwe1245,cwe684,ChildOf
1935,cwe1246,cwe400,ChildOf
1936,cwe1247,cwe1384,ChildOf
1937,cwe1248,cwe693,ChildOf
1938,cwe1249,cwe1250,ChildOf
1939,cwe1250,cwe664,ChildOf
1940,cwe1251,cwe1250,ChildOf
1941,cwe1252,cwe284,ChildOf
1942,cwe1253,cwe693,ChildOf
1943,cwe1254,cwe208,ChildOf
1944,cwe1254,cwe697,ChildOf
1945,cwe1255,cwe1300,ChildOf
1946,cwe1259,cwe1255,PeerOf
1947,cwe1256,cwe285,ChildOf
1948,cwe1257,cwe284,ChildOf
1949,cwe119,cwe1257,CanFollow
1950,cwe1258,cwe212,ChildOf
1951,cwe1258,cwe200,ChildOf
1952,cwe1259,cwe284,ChildOf
1953,cwe1259,cwe1294,ChildOf
1954,cwe1260,cwe284,ChildOf
1955,cwe119,cwe1260,CanFollow
1956,cwe1261,cwe1384,ChildOf
1957,cwe1254,cwe1261,PeerOf
1958,cwe1262,cwe284,ChildOf
1959,cwe1263,cwe284,ChildOf
1960,cwe1191,cwe1263,PeerOf
1961,cwe1264,cwe821,ChildOf
1962,cwe1037,cwe1264,PeerOf
1963,cwe1265,cwe691,ChildOf
1964,cwe663,cwe1265,PeerOf
1965,cwe416,cwe1265,CanFollow
1966,cwe1266,cwe404,ChildOf
1967,cwe1267,cwe284,ChildOf
1968,cwe1268,cwe284,ChildOf
1969,cwe1269,cwe693,ChildOf
1970,cwe1270,cwe284,ChildOf
1971,cwe1270,cwe1294,ChildOf
1972,cwe1271,cwe909,ChildOf
1973,cwe1272,cwe226,ChildOf
1974,cwe200,cwe1272,CanFollow
1975,cwe1273,cwe200,ChildOf
1976,cwe1274,cwe284,ChildOf
1977,cwe1275,cwe923,ChildOf
1978,cwe352,cwe1275,CanFollow
1979,cwe1276,cwe284,ChildOf
1980,cwe1277,cwe1329,ChildOf
1981,cwe1278,cwe693,ChildOf
1982,cwe1279,cwe691,ChildOf
1983,cwe1279,cwe665,ChildOf
1984,cwe1280,cwe696,ChildOf
1985,cwe1280,cwe284,ChildOf
1986,cwe1281,cwe691,ChildOf
1987,cwe1282,cwe668,ChildOf
1988,cwe471,cwe1282,CanFollow
1989,cwe1283,cwe284,ChildOf
1990,cwe1284,cwe20,ChildOf
1991,cwe789,cwe1284,CanFollow
1992,cwe1285,cwe20,ChildOf
1993,cwe1286,cwe20,ChildOf
1994,cwe1287,cwe20,ChildOf
1995,cwe843,cwe1287,PeerOf
1996,cwe1288,cwe20,ChildOf
1997,cwe1289,cwe20,ChildOf
1998,cwe41,cwe1289,PeerOf
1999,cwe178,cwe1289,PeerOf
2000,cwe1290,cwe284,ChildOf
2001,cwe1290,cwe1294,ChildOf
2002,cwe1291,cwe693,ChildOf
2003,cwe321,cwe1291,PeerOf
2004,cwe1292,cwe284,ChildOf
2005,cwe1292,cwe1294,ChildOf
2006,cwe1293,cwe345,ChildOf
2007,cwe654,cwe1293,PeerOf
2008,cwe1294,cwe284,ChildOf
2009,cwe1295,cwe200,ChildOf
2010,cwe209,cwe1295,PeerOf
2011,cwe1296,cwe284,ChildOf
2012,cwe1297,cwe285,ChildOf
2013,cwe1298,cwe362,ChildOf
2014,cwe1191,cwe1299,PeerOf
2015,cwe1299,cwe420,ChildOf
2016,cwe1299,cwe288,ChildOf
2017,cwe1300,cwe203,ChildOf
2018,cwe1301,cwe226,ChildOf
2019,cwe1302,cwe1294,ChildOf
2020,cwe1303,cwe1189,ChildOf
2021,cwe1303,cwe203,ChildOf
2022,cwe1304,cwe284,ChildOf
2023,cwe345,cwe1304,PeerOf
2024,cwe1271,cwe1304,PeerOf
2025,cwe1310,cwe1329,ChildOf
2026,cwe1311,cwe284,ChildOf
2027,cwe1312,cwe284,ChildOf
2028,cwe1251,cwe1312,PeerOf
2029,cwe1313,cwe284,ChildOf
2030,cwe1314,cwe862,ChildOf
2031,cwe1299,cwe1314,PeerOf
2032,cwe1315,cwe284,ChildOf
2033,cwe1316,cwe284,ChildOf
2034,cwe1317,cwe284,ChildOf
2035,cwe1318,cwe693,ChildOf
2036,cwe1319,cwe693,ChildOf
2037,cwe1320,cwe284,ChildOf
2038,cwe1321,cwe915,ChildOf
2039,cwe1321,cwe913,ChildOf
2040,cwe471,cwe1321,CanFollow
2041,cwe1322,cwe834,ChildOf
2042,cwe835,cwe1322,CanFollow
2043,cwe1323,cwe284,ChildOf
2044,cwe1325,cwe770,ChildOf
2045,cwe789,cwe1325,PeerOf
2046,cwe476,cwe1325,CanFollow
2047,cwe1326,cwe693,ChildOf
2048,cwe1327,cwe668,ChildOf
2049,cwe1328,cwe285,ChildOf
2050,cwe757,cwe1328,PeerOf
2051,cwe1329,cwe1357,ChildOf
2052,cwe1329,cwe664,ChildOf
2053,cwe1330,cwe1301,ChildOf
2054,cwe1331,cwe653,ChildOf
2055,cwe1331,cwe668,ChildOf
2056,cwe1332,cwe1384,ChildOf
2057,cwe1247,cwe1332,PeerOf
2058,cwe1333,cwe407,ChildOf
2059,cwe1334,cwe284,ChildOf
2060,cwe1335,cwe682,ChildOf
2061,cwe1336,cwe94,ChildOf
2062,cwe1338,cwe693,ChildOf
2063,cwe1339,cwe682,ChildOf
2064,cwe190,cwe1339,PeerOf
2065,cwe834,cwe1339,CanFollow
2066,cwe119,cwe1339,CanFollow
2067,cwe1341,cwe675,ChildOf
2068,cwe672,cwe1341,CanFollow
2069,cwe1342,cwe226,ChildOf
2070,cwe1351,cwe1384,ChildOf
2071,cwe1357,cwe710,ChildOf
2072,cwe1384,cwe703,ChildOf
2073,cwe1385,cwe346,ChildOf
2074,cwe1386,cwe59,ChildOf
2075,cwe1389,cwe704,ChildOf
2076,cwe1390,cwe287,ChildOf
2077,cwe1391,cwe1390,ChildOf
2078,cwe1392,cwe1391,ChildOf
2079,cwe1393,cwe1392,ChildOf
2080,cwe1394,cwe1392,ChildOf
2081,cwe1395,cwe657,ChildOf
2082,cwe1419,cwe665,ChildOf
2083,cwe1420,cwe669,ChildOf
2084,cwe1421,cwe1420,ChildOf
2085,cwe1422,cwe1420,ChildOf
2086,cwe1423,cwe1420,ChildOf
2087,capec1,cwe276,AttackOf
2088,capec1,cwe285,AttackOf
2089,capec1,cwe434,AttackOf
2090,capec1,cwe693,AttackOf
2091,capec1,cwe732,AttackOf
2092,capec1,cwe1191,AttackOf
2093,capec1,cwe1193,AttackOf
2094,capec1,cwe1220,AttackOf
2095,capec1,cwe1297,AttackOf
2096,capec1,cwe1311,AttackOf
2097,capec1,cwe1314,AttackOf
2098,capec1,cwe1315,AttackOf
2099,capec1,cwe1318,AttackOf
2100,capec1,cwe1320,AttackOf
2101,capec1,cwe1321,AttackOf
2102,capec1,cwe1327,AttackOf
2103,capec10,cwe120,AttackOf
2104,capec10,cwe302,AttackOf
2105,capec10,cwe118,AttackOf
2106,capec10,cwe119,AttackOf
2107,capec10,cwe74,AttackOf
2108,capec10,cwe99,AttackOf
2109,capec10,cwe20,AttackOf
2110,capec10,cwe680,AttackOf
2111,capec10,cwe733,AttackOf
2112,capec10,cwe697,AttackOf
2113,capec100,cwe120,AttackOf
2114,capec100,cwe119,AttackOf
2115,capec100,cwe131,AttackOf
2116,capec100,cwe129,AttackOf
2117,capec100,cwe805,AttackOf
2118,capec100,cwe680,AttackOf
2119,capec101,cwe97,AttackOf
2120,capec101,cwe74,AttackOf
2121,capec101,cwe20,AttackOf
2122,capec102,cwe294,AttackOf
2123,capec102,cwe522,AttackOf
2124,capec102,cwe523,AttackOf
2125,capec102,cwe319,AttackOf
2126,capec102,cwe614,AttackOf
2127,capec103,cwe1021,AttackOf
2128,capec104,cwe250,AttackOf
2129,capec104,cwe638,AttackOf
2130,capec104,cwe285,AttackOf
2131,capec104,cwe116,AttackOf
2132,capec104,cwe20,AttackOf
2133,capec105,cwe74,AttackOf
2134,capec105,cwe113,AttackOf
2135,capec105,cwe138,AttackOf
2136,capec105,cwe436,AttackOf
2137,capec107,cwe693,AttackOf
2138,capec107,cwe648,AttackOf
2139,capec108,cwe89,AttackOf
2140,capec108,cwe74,AttackOf
2141,capec108,cwe20,AttackOf
2142,capec108,cwe78,AttackOf
2143,capec108,cwe114,AttackOf
2144,capec109,cwe20,AttackOf
2145,capec109,cwe89,AttackOf
2146,capec109,cwe564,AttackOf
2147,capec11,cwe430,AttackOf
2148,capec110,cwe89,AttackOf
2149,capec110,cwe20,AttackOf
2150,capec111,cwe345,AttackOf
2151,capec111,cwe346,AttackOf
2152,capec111,cwe352,AttackOf
2153,capec112,cwe330,AttackOf
2154,capec112,cwe326,AttackOf
2155,capec112,cwe521,AttackOf
2156,capec113,cwe1192,AttackOf
2157,capec114,cwe287,AttackOf
2158,capec114,cwe1244,AttackOf
2159,capec115,cwe287,AttackOf
2160,capec116,cwe200,AttackOf
2161,capec116,cwe1243,AttackOf
2162,capec117,cwe319,AttackOf
2163,capec12,cwe201,AttackOf
2164,capec12,cwe306,AttackOf
2165,capec120,cwe173,AttackOf
2166,capec120,cwe172,AttackOf
2167,capec120,cwe177,AttackOf
2168,capec120,cwe181,AttackOf
2169,capec120,cwe183,AttackOf
2170,capec120,cwe184,AttackOf
2171,capec120,cwe74,AttackOf
2172,capec120,cwe20,AttackOf
2173,capec120,cwe697,AttackOf
2174,capec120,cwe692,AttackOf
2175,capec121,cwe489,AttackOf
2176,capec121,cwe1209,AttackOf
2177,capec121,cwe1259,AttackOf
2178,capec121,cwe1267,AttackOf
2179,capec121,cwe1270,AttackOf
2180,capec121,cwe1294,AttackOf
2181,capec121,cwe1295,AttackOf
2182,capec121,cwe1296,AttackOf
2183,capec121,cwe1302,AttackOf
2184,capec121,cwe1313,AttackOf
2185,capec122,cwe269,AttackOf
2186,capec122,cwe732,AttackOf
2187,capec122,cwe1317,AttackOf
2188,capec123,cwe119,AttackOf
2189,capec124,cwe1189,AttackOf
2190,capec124,cwe1331,AttackOf
2191,capec125,cwe404,AttackOf
2192,capec125,cwe770,AttackOf
2193,capec126,cwe22,AttackOf
2194,capec127,cwe424,AttackOf
2195,capec127,cwe425,AttackOf
2196,capec127,cwe288,AttackOf
2197,capec127,cwe285,AttackOf
2198,capec127,cwe732,AttackOf
2199,capec127,cwe276,AttackOf
2200,capec127,cwe693,AttackOf
2201,capec128,cwe682,AttackOf
2202,capec129,cwe682,AttackOf
2203,capec129,cwe822,AttackOf
2204,capec129,cwe823,AttackOf
2205,capec13,cwe353,AttackOf
2206,capec13,cwe285,AttackOf
2207,capec13,cwe302,AttackOf
2208,capec13,cwe74,AttackOf
2209,capec13,cwe15,AttackOf
2210,capec13,cwe73,AttackOf
2211,capec13,cwe20,AttackOf
2212,capec13,cwe200,AttackOf
2213,capec130,cwe404,AttackOf
2214,capec130,cwe770,AttackOf
2215,capec130,cwe1325,AttackOf
2216,capec131,cwe404,AttackOf
2217,capec132,cwe59,AttackOf
2218,capec133,cwe912,AttackOf
2219,capec134,cwe150,AttackOf
2220,capec135,cwe134,AttackOf
2221,capec135,cwe20,AttackOf
2222,capec135,cwe74,AttackOf
2223,capec136,cwe77,AttackOf
2224,capec136,cwe90,AttackOf
2225,capec136,cwe20,AttackOf
2226,capec137,cwe88,AttackOf
2227,capec138,cwe470,AttackOf
2228,capec139,cwe23,AttackOf
2229,capec14,cwe120,AttackOf
2230,capec14,cwe353,AttackOf
2231,capec14,cwe118,AttackOf
2232,capec14,cwe119,AttackOf
2233,capec14,cwe74,AttackOf
2234,capec14,cwe20,AttackOf
2235,capec14,cwe680,AttackOf
2236,capec14,cwe697,AttackOf
2237,capec140,cwe372,AttackOf
2238,capec141,cwe348,AttackOf
2239,capec141,cwe345,AttackOf
2240,capec141,cwe349,AttackOf
2241,capec141,cwe346,AttackOf
2242,capec142,cwe348,AttackOf
2243,capec142,cwe345,AttackOf
2244,capec142,cwe349,AttackOf
2245,capec142,cwe346,AttackOf
2246,capec142,cwe350,AttackOf
2247,capec143,cwe425,AttackOf
2248,capec144,cwe425,AttackOf
2249,capec145,cwe354,AttackOf
2250,capec146,cwe15,AttackOf
2251,capec146,cwe472,AttackOf
2252,capec147,cwe400,AttackOf
2253,capec147,cwe770,AttackOf
2254,capec148,cwe345,AttackOf
2255,capec149,cwe377,AttackOf
2256,capec15,cwe146,AttackOf
2257,capec15,cwe77,AttackOf
2258,capec15,cwe184,AttackOf
2259,capec15,cwe78,AttackOf
2260,capec15,cwe185,AttackOf
2261,capec15,cwe93,AttackOf
2262,capec15,cwe140,AttackOf
2263,capec15,cwe157,AttackOf
2264,capec15,cwe138,AttackOf
2265,capec15,cwe154,AttackOf
2266,capec15,cwe697,AttackOf
2267,capec150,cwe552,AttackOf
2268,capec150,cwe1239,AttackOf
2269,capec150,cwe1258,AttackOf
2270,capec150,cwe1266,AttackOf
2271,capec150,cwe1272,AttackOf
2272,capec150,cwe1323,AttackOf
2273,capec150,cwe1330,AttackOf
2274,capec151,cwe287,AttackOf
2275,capec153,cwe20,AttackOf
2276,capec154,cwe451,AttackOf
2277,capec155,cwe377,AttackOf
2278,capec157,cwe311,AttackOf
2279,capec158,cwe311,AttackOf
2280,capec159,cwe706,AttackOf
2281,capec16,cwe521,AttackOf
2282,capec16,cwe262,AttackOf
2283,capec16,cwe263,AttackOf
2284,capec16,cwe654,AttackOf
2285,capec16,cwe307,AttackOf
2286,capec16,cwe308,AttackOf
2287,capec16,cwe309,AttackOf
2288,capec160,cwe346,AttackOf
2289,capec161,cwe923,AttackOf
2290,capec162,cwe602,AttackOf
2291,capec163,cwe451,AttackOf
2292,capec164,cwe451,AttackOf
2293,capec166,cwe306,AttackOf
2294,capec166,cwe1221,AttackOf
2295,capec166,cwe1232,AttackOf
2296,capec167,cwe1323,AttackOf
2297,capec168,cwe212,AttackOf
2298,capec168,cwe69,AttackOf
2299,capec169,cwe200,AttackOf
2300,capec17,cwe732,AttackOf
2301,capec17,cwe285,AttackOf
2302,capec17,cwe272,AttackOf
2303,capec17,cwe59,AttackOf
2304,capec17,cwe282,AttackOf
2305,capec17,cwe270,AttackOf
2306,capec17,cwe693,AttackOf
2307,capec170,cwe497,AttackOf
2308,capec173,cwe451,AttackOf
2309,capec174,cwe88,AttackOf
2310,capec175,cwe829,AttackOf
2311,capec176,cwe15,AttackOf
2312,capec176,cwe1233,AttackOf
2313,capec176,cwe1234,AttackOf
2314,capec176,cwe1304,AttackOf
2315,capec176,cwe1328,AttackOf
2316,capec177,cwe706,AttackOf
2317,capec178,cwe601,AttackOf
2318,capec18,cwe80,AttackOf
2319,capec180,cwe732,AttackOf
2320,capec180,cwe1190,AttackOf
2321,capec180,cwe1191,AttackOf
2322,capec180,cwe1193,AttackOf
2323,capec180,cwe1220,AttackOf
2324,capec180,cwe1268,AttackOf
2325,capec180,cwe1280,AttackOf
2326,capec180,cwe1297,AttackOf
2327,capec180,cwe1311,AttackOf
2328,capec180,cwe1315,AttackOf
2329,capec180,cwe1318,AttackOf
2330,capec180,cwe1320,AttackOf
2331,capec180,cwe1321,AttackOf
2332,capec181,cwe1021,AttackOf
2333,capec182,cwe20,AttackOf
2334,capec182,cwe184,AttackOf
2335,capec182,cwe697,AttackOf
2336,capec183,cwe77,AttackOf
2337,capec184,cwe494,AttackOf
2338,capec185,cwe494,AttackOf
2339,capec186,cwe494,AttackOf
2340,capec187,cwe494,AttackOf
2341,capec188,cwe1278,AttackOf
2342,capec189,cwe203,AttackOf
2343,capec189,cwe1255,AttackOf
2344,capec189,cwe1300,AttackOf
2345,capec19,cwe284,AttackOf
2346,capec190,cwe912,AttackOf
2347,capec191,cwe798,AttackOf
2348,capec192,cwe326,AttackOf
2349,capec193,cwe98,AttackOf
2350,capec193,cwe80,AttackOf
2351,capec194,cwe287,AttackOf
2352,capec196,cwe384,AttackOf
2353,capec196,cwe664,AttackOf
2354,capec197,cwe770,AttackOf
2355,capec197,cwe776,AttackOf
2356,capec198,cwe81,AttackOf
2357,capec199,cwe87,AttackOf
2358,capec2,cwe645,AttackOf
2359,capec20,cwe326,AttackOf
2360,capec20,cwe327,AttackOf
2361,capec20,cwe693,AttackOf
2362,capec20,cwe1204,AttackOf
2363,capec201,cwe829,AttackOf
2364,capec202,cwe602,AttackOf
2365,capec203,cwe15,AttackOf
2366,capec204,cwe524,AttackOf
2367,capec204,cwe311,AttackOf
2368,capec204,cwe1239,AttackOf
2369,capec204,cwe1258,AttackOf
2370,capec206,cwe732,AttackOf
2371,capec207,cwe602,AttackOf
2372,capec208,cwe602,AttackOf
2373,capec209,cwe79,AttackOf
2374,capec209,cwe20,AttackOf
2375,capec209,cwe646,AttackOf
2376,capec21,cwe290,AttackOf
2377,capec21,cwe302,AttackOf
2378,capec21,cwe346,AttackOf
2379,capec21,cwe539,AttackOf
2380,capec21,cwe6,AttackOf
2381,capec21,cwe384,AttackOf
2382,capec21,cwe664,AttackOf
2383,capec21,cwe602,AttackOf
2384,capec21,cwe642,AttackOf
2385,capec212,cwe1242,AttackOf
2386,capec212,cwe1246,AttackOf
2387,capec212,cwe1281,AttackOf
2388,capec215,cwe209,AttackOf
2389,capec215,cwe532,AttackOf
2390,capec216,cwe306,AttackOf
2391,capec217,cwe201,AttackOf
2392,capec218,cwe345,AttackOf
2393,capec219,cwe441,AttackOf
2394,capec219,cwe610,AttackOf
2395,capec22,cwe290,AttackOf
2396,capec22,cwe287,AttackOf
2397,capec22,cwe20,AttackOf
2398,capec22,cwe200,AttackOf
2399,capec22,cwe693,AttackOf
2400,capec220,cwe757,AttackOf
2401,capec221,cwe611,AttackOf
2402,capec222,cwe1021,AttackOf
2403,capec224,cwe200,AttackOf
2404,capec226,cwe565,AttackOf
2405,capec226,cwe472,AttackOf
2406,capec227,cwe400,AttackOf
2407,capec228,cwe829,AttackOf
2408,capec229,cwe770,AttackOf
2409,capec23,cwe20,AttackOf
2410,capec230,cwe112,AttackOf
2411,capec230,cwe20,AttackOf
2412,capec230,cwe674,AttackOf
2413,capec230,cwe770,AttackOf
2414,capec231,cwe112,AttackOf
2415,capec231,cwe20,AttackOf
2416,capec231,cwe674,AttackOf
2417,capec231,cwe770,AttackOf
2418,capec233,cwe269,AttackOf
2419,capec233,cwe1264,AttackOf
2420,capec233,cwe1311,AttackOf
2421,capec234,cwe732,AttackOf
2422,capec234,cwe648,AttackOf
2423,capec237,cwe693,AttackOf
2424,capec24,cwe120,AttackOf
2425,capec24,cwe119,AttackOf
2426,capec24,cwe118,AttackOf
2427,capec24,cwe74,AttackOf
2428,capec24,cwe20,AttackOf
2429,capec24,cwe680,AttackOf
2430,capec24,cwe733,AttackOf
2431,capec24,cwe697,AttackOf
2432,capec240,cwe99,AttackOf
2433,capec242,cwe94,AttackOf
2434,capec243,cwe83,AttackOf
2435,capec244,cwe83,AttackOf
2436,capec245,cwe85,AttackOf
2437,capec247,cwe86,AttackOf
2438,capec248,cwe77,AttackOf
2439,capec25,cwe412,AttackOf
2440,capec25,cwe567,AttackOf
2441,capec25,cwe662,AttackOf
2442,capec25,cwe667,AttackOf
2443,capec25,cwe833,AttackOf
2444,capec25,cwe1322,AttackOf
2445,capec250,cwe91,AttackOf
2446,capec250,cwe74,AttackOf
2447,capec250,cwe20,AttackOf
2448,capec250,cwe707,AttackOf
2449,capec251,cwe829,AttackOf
2450,capec252,cwe829,AttackOf
2451,capec253,cwe829,AttackOf
2452,capec256,cwe805,AttackOf
2453,capec26,cwe368,AttackOf
2454,capec26,cwe363,AttackOf
2455,capec26,cwe366,AttackOf
2456,capec26,cwe370,AttackOf
2457,capec26,cwe362,AttackOf
2458,capec26,cwe662,AttackOf
2459,capec26,cwe689,AttackOf
2460,capec26,cwe667,AttackOf
2461,capec26,cwe665,AttackOf
2462,capec26,cwe1223,AttackOf
2463,capec26,cwe1254,AttackOf
2464,capec26,cwe1298,AttackOf
2465,capec261,cwe20,AttackOf
2466,capec263,cwe829,AttackOf
2467,capec267,cwe173,AttackOf
2468,capec267,cwe172,AttackOf
2469,capec267,cwe180,AttackOf
2470,capec267,cwe181,AttackOf
2471,capec267,cwe73,AttackOf
2472,capec267,cwe74,AttackOf
2473,capec267,cwe20,AttackOf
2474,capec267,cwe697,AttackOf
2475,capec267,cwe692,AttackOf
2476,capec268,cwe117,AttackOf
2477,capec27,cwe367,AttackOf
2478,capec27,cwe61,AttackOf
2479,capec27,cwe662,AttackOf
2480,capec27,cwe689,AttackOf
2481,capec27,cwe667,AttackOf
2482,capec270,cwe15,AttackOf
2483,capec271,cwe15,AttackOf
2484,capec273,cwe74,AttackOf
2485,capec273,cwe436,AttackOf
2486,capec273,cwe444,AttackOf
2487,capec274,cwe302,AttackOf
2488,capec274,cwe654,AttackOf
2489,capec275,cwe350,AttackOf
2490,capec276,cwe707,AttackOf
2491,capec277,cwe707,AttackOf
2492,capec278,cwe707,AttackOf
2493,capec279,cwe707,AttackOf
2494,capec28,cwe74,AttackOf
2495,capec28,cwe20,AttackOf
2496,capec285,cwe200,AttackOf
2497,capec287,cwe200,AttackOf
2498,capec29,cwe367,AttackOf
2499,capec29,cwe368,AttackOf
2500,capec29,cwe366,AttackOf
2501,capec29,cwe370,AttackOf
2502,capec29,cwe362,AttackOf
2503,capec29,cwe662,AttackOf
2504,capec29,cwe691,AttackOf
2505,capec29,cwe663,AttackOf
2506,capec29,cwe665,AttackOf
2507,capec290,cwe200,AttackOf
2508,capec291,cwe200,AttackOf
2509,capec292,cwe200,AttackOf
2510,capec293,cwe200,AttackOf
2511,capec294,cwe200,AttackOf
2512,capec295,cwe200,AttackOf
2513,capec296,cwe200,AttackOf
2514,capec297,cwe200,AttackOf
2515,capec298,cwe200,AttackOf
2516,capec299,cwe200,AttackOf
2517,capec3,cwe173,AttackOf
2518,capec3,cwe41,AttackOf
2519,capec3,cwe172,AttackOf
2520,capec3,cwe179,AttackOf
2521,capec3,cwe180,AttackOf
2522,capec3,cwe181,AttackOf
2523,capec3,cwe183,AttackOf
2524,capec3,cwe184,AttackOf
2525,capec3,cwe20,AttackOf
2526,capec3,cwe74,AttackOf
2527,capec3,cwe697,AttackOf
2528,capec3,cwe707,AttackOf
2529,capec30,cwe270,AttackOf
2530,capec300,cwe200,AttackOf
2531,capec301,cwe200,AttackOf
2532,capec302,cwe200,AttackOf
2533,capec303,cwe200,AttackOf
2534,capec304,cwe200,AttackOf
2535,capec305,cwe200,AttackOf
2536,capec306,cwe200,AttackOf
2537,capec307,cwe200,AttackOf
2538,capec308,cwe200,AttackOf
2539,capec309,cwe200,AttackOf
2540,capec31,cwe565,AttackOf
2541,capec31,cwe302,AttackOf
2542,capec31,cwe311,AttackOf
2543,capec31,cwe113,AttackOf
2544,capec31,cwe539,AttackOf
2545,capec31,cwe20,AttackOf
2546,capec31,cwe315,AttackOf
2547,capec31,cwe384,AttackOf
2548,capec31,cwe472,AttackOf
2549,capec31,cwe602,AttackOf
2550,capec31,cwe642,AttackOf
2551,capec310,cwe200,AttackOf
2552,capec312,cwe200,AttackOf
2553,capec313,cwe200,AttackOf
2554,capec317,cwe200,AttackOf
2555,capec318,cwe200,AttackOf
2556,capec319,cwe200,AttackOf
2557,capec32,cwe80,AttackOf
2558,capec320,cwe200,AttackOf
2559,capec321,cwe200,AttackOf
2560,capec322,cwe200,AttackOf
2561,capec323,cwe200,AttackOf
2562,capec324,cwe200,AttackOf
2563,capec325,cwe200,AttackOf
2564,capec326,cwe200,AttackOf
2565,capec327,cwe200,AttackOf
2566,capec328,cwe200,AttackOf
2567,capec329,cwe200,AttackOf
2568,capec33,cwe444,AttackOf
2569,capec330,cwe200,AttackOf
2570,capec331,cwe204,AttackOf
2571,capec332,cwe204,AttackOf
2572,capec34,cwe74,AttackOf
2573,capec34,cwe113,AttackOf
2574,capec34,cwe138,AttackOf
2575,capec34,cwe436,AttackOf
2576,capec35,cwe94,AttackOf
2577,capec35,cwe96,AttackOf
2578,capec35,cwe95,AttackOf
2579,capec35,cwe97,AttackOf
2580,capec35,cwe272,AttackOf
2581,capec35,cwe59,AttackOf
2582,capec35,cwe282,AttackOf
2583,capec35,cwe270,AttackOf
2584,capec36,cwe306,AttackOf
2585,capec36,cwe693,AttackOf
2586,capec36,cwe695,AttackOf
2587,capec36,cwe1242,AttackOf
2588,capec37,cwe226,AttackOf
2589,capec37,cwe311,AttackOf
2590,capec37,cwe525,AttackOf
2591,capec37,cwe312,AttackOf
2592,capec37,cwe314,AttackOf
2593,capec37,cwe315,AttackOf
2594,capec37,cwe318,AttackOf
2595,capec37,cwe1239,AttackOf
2596,capec37,cwe1258,AttackOf
2597,capec37,cwe1266,AttackOf
2598,capec37,cwe1272,AttackOf
2599,capec37,cwe1278,AttackOf
2600,capec37,cwe1301,AttackOf
2601,capec37,cwe1330,AttackOf
2602,capec38,cwe426,AttackOf
2603,capec38,cwe427,AttackOf
2604,capec383,cwe311,AttackOf
2605,capec383,cwe319,AttackOf
2606,capec383,cwe419,AttackOf
2607,capec383,cwe602,AttackOf
2608,capec384,cwe471,AttackOf
2609,capec384,cwe345,AttackOf
2610,capec384,cwe346,AttackOf
2611,capec384,cwe602,AttackOf
2612,capec384,cwe311,AttackOf
2613,capec385,cwe471,AttackOf
2614,capec385,cwe345,AttackOf
2615,capec385,cwe346,AttackOf
2616,capec385,cwe602,AttackOf
2617,capec385,cwe311,AttackOf
2618,capec386,cwe471,AttackOf
2619,capec386,cwe345,AttackOf
2620,capec386,cwe346,AttackOf
2621,capec386,cwe602,AttackOf
2622,capec386,cwe311,AttackOf
2623,capec387,cwe471,AttackOf
2624,capec387,cwe345,AttackOf
2625,capec387,cwe346,AttackOf
2626,capec387,cwe602,AttackOf
2627,capec387,cwe311,AttackOf
2628,capec388,cwe471,AttackOf
2629,capec388,cwe345,AttackOf
2630,capec388,cwe346,AttackOf
2631,capec388,cwe602,AttackOf
2632,capec388,cwe311,AttackOf
2633,capec389,cwe353,AttackOf
2634,capec39,cwe353,AttackOf
2635,capec39,cwe285,AttackOf
2636,capec39,cwe302,AttackOf
2637,capec39,cwe472,AttackOf
2638,capec39,cwe565,AttackOf
2639,capec39,cwe315,AttackOf
2640,capec39,cwe539,AttackOf
2641,capec39,cwe384,AttackOf
2642,capec39,cwe233,AttackOf
2643,capec4,cwe291,AttackOf
2644,capec4,cwe173,AttackOf
2645,capec40,cwe77,AttackOf
2646,capec401,cwe1263,AttackOf
2647,capec402,cwe285,AttackOf
2648,capec41,cwe150,AttackOf
2649,capec41,cwe88,AttackOf
2650,capec41,cwe697,AttackOf
2651,capec42,cwe120,AttackOf
2652,capec42,cwe119,AttackOf
2653,capec42,cwe74,AttackOf
2654,capec42,cwe20,AttackOf
2655,capec43,cwe179,AttackOf
2656,capec43,cwe181,AttackOf
2657,capec43,cwe184,AttackOf
2658,capec43,cwe183,AttackOf
2659,capec43,cwe77,AttackOf
2660,capec43,cwe78,AttackOf
2661,capec43,cwe74,AttackOf
2662,capec43,cwe20,AttackOf
2663,capec43,cwe697,AttackOf
2664,capec43,cwe707,AttackOf
2665,capec439,cwe1269,AttackOf
2666,capec44,cwe120,AttackOf
2667,capec44,cwe119,AttackOf
2668,capec44,cwe697,AttackOf
2669,capec441,cwe284,AttackOf
2670,capec442,cwe506,AttackOf
2671,capec448,cwe506,AttackOf
2672,capec45,cwe120,AttackOf
2673,capec45,cwe285,AttackOf
2674,capec45,cwe302,AttackOf
2675,capec45,cwe118,AttackOf
2676,capec45,cwe119,AttackOf
2677,capec45,cwe74,AttackOf
2678,capec45,cwe20,AttackOf
2679,capec45,cwe680,AttackOf
2680,capec45,cwe697,AttackOf
2681,capec456,cwe1257,AttackOf
2682,capec456,cwe1260,AttackOf
2683,capec456,cwe1274,AttackOf
2684,capec456,cwe1312,AttackOf
2685,capec456,cwe1316,AttackOf
2686,capec457,cwe1299,AttackOf
2687,capec458,cwe1282,AttackOf
2688,capec459,cwe327,AttackOf
2689,capec459,cwe295,AttackOf
2690,capec459,cwe290,AttackOf
2691,capec46,cwe120,AttackOf
2692,capec46,cwe118,AttackOf
2693,capec46,cwe119,AttackOf
2694,capec46,cwe74,AttackOf
2695,capec46,cwe20,AttackOf
2696,capec46,cwe680,AttackOf
2697,capec46,cwe733,AttackOf
2698,capec46,cwe697,AttackOf
2699,capec460,cwe88,AttackOf
2700,capec460,cwe147,AttackOf
2701,capec460,cwe235,AttackOf
2702,capec461,cwe328,AttackOf
2703,capec461,cwe290,AttackOf
2704,capec462,cwe385,AttackOf
2705,capec462,cwe352,AttackOf
2706,capec462,cwe208,AttackOf
2707,capec463,cwe209,AttackOf
2708,capec463,cwe514,AttackOf
2709,capec463,cwe649,AttackOf
2710,capec463,cwe347,AttackOf
2711,capec463,cwe354,AttackOf
2712,capec463,cwe696,AttackOf
2713,capec464,cwe359,AttackOf
2714,capec465,cwe441,AttackOf
2715,capec466,cwe300,AttackOf
2716,capec467,cwe352,AttackOf
2717,capec467,cwe359,AttackOf
2718,capec468,cwe707,AttackOf
2719,capec468,cwe149,AttackOf
2720,capec468,cwe177,AttackOf
2721,capec468,cwe838,AttackOf
2722,capec469,cwe770,AttackOf
2723,capec469,cwe772,AttackOf
2724,capec47,cwe120,AttackOf
2725,capec47,cwe119,AttackOf
2726,capec47,cwe118,AttackOf
2727,capec47,cwe130,AttackOf
2728,capec47,cwe131,AttackOf
2729,capec47,cwe74,AttackOf
2730,capec47,cwe20,AttackOf
2731,capec47,cwe680,AttackOf
2732,capec47,cwe697,AttackOf
2733,capec470,cwe250,AttackOf
2734,capec470,cwe89,AttackOf
2735,capec471,cwe427,AttackOf
2736,capec472,cwe200,AttackOf
2737,capec473,cwe20,AttackOf
2738,capec473,cwe327,AttackOf
2739,capec473,cwe290,AttackOf
2740,capec474,cwe522,AttackOf
2741,capec475,cwe347,AttackOf
2742,capec475,cwe327,AttackOf
2743,capec475,cwe295,AttackOf
2744,capec476,cwe290,AttackOf
2745,capec477,cwe693,AttackOf
2746,capec477,cwe311,AttackOf
2747,capec477,cwe319,AttackOf
2748,capec478,cwe284,AttackOf
2749,capec479,cwe284,AttackOf
2750,capec48,cwe241,AttackOf
2751,capec48,cwe706,AttackOf
2752,capec480,cwe693,AttackOf
2753,capec481,cwe923,AttackOf
2754,capec482,cwe770,AttackOf
2755,capec485,cwe330,AttackOf
2756,capec486,cwe770,AttackOf
2757,capec487,cwe770,AttackOf
2758,capec488,cwe770,AttackOf
2759,capec489,cwe770,AttackOf
2760,capec49,cwe521,AttackOf
2761,capec49,cwe262,AttackOf
2762,capec49,cwe263,AttackOf
2763,capec49,cwe257,AttackOf
2764,capec49,cwe654,AttackOf
2765,capec49,cwe307,AttackOf
2766,capec49,cwe308,AttackOf
2767,capec49,cwe309,AttackOf
2768,capec490,cwe770,AttackOf
2769,capec491,cwe770,AttackOf
2770,capec492,cwe400,AttackOf
2771,capec492,cwe1333,AttackOf
2772,capec493,cwe770,AttackOf
2773,capec494,cwe770,AttackOf
2774,capec494,cwe404,AttackOf
2775,capec495,cwe770,AttackOf
2776,capec495,cwe404,AttackOf
2777,capec496,cwe770,AttackOf
2778,capec496,cwe404,AttackOf
2779,capec497,cwe200,AttackOf
2780,capec498,cwe359,AttackOf
2781,capec499,cwe925,AttackOf
2782,capec5,cwe285,AttackOf
2783,capec50,cwe522,AttackOf
2784,capec50,cwe640,AttackOf
2785,capec500,cwe749,AttackOf
2786,capec500,cwe940,AttackOf
2787,capec501,cwe923,AttackOf
2788,capec502,cwe284,AttackOf
2789,capec503,cwe284,AttackOf
2790,capec504,cwe1021,AttackOf
2791,capec506,cwe1021,AttackOf
2792,capec508,cwe200,AttackOf
2793,capec508,cwe359,AttackOf
2794,capec509,cwe522,AttackOf
2795,capec509,cwe308,AttackOf
2796,capec509,cwe309,AttackOf
2797,capec509,cwe294,AttackOf
2798,capec509,cwe263,AttackOf
2799,capec509,cwe262,AttackOf
2800,capec509,cwe521,AttackOf
2801,capec51,cwe285,AttackOf
2802,capec51,cwe74,AttackOf
2803,capec51,cwe693,AttackOf
2804,capec510,cwe346,AttackOf
2805,capec52,cwe158,AttackOf
2806,capec52,cwe172,AttackOf
2807,capec52,cwe173,AttackOf
2808,capec52,cwe74,AttackOf
2809,capec52,cwe20,AttackOf
2810,capec52,cwe697,AttackOf
2811,capec52,cwe707,AttackOf
2812,capec528,cwe770,AttackOf
2813,capec53,cwe158,AttackOf
2814,capec53,cwe172,AttackOf
2815,capec53,cwe173,AttackOf
2816,capec53,cwe74,AttackOf
2817,capec53,cwe20,AttackOf
2818,capec53,cwe697,AttackOf
2819,capec53,cwe707,AttackOf
2820,capec533,cwe494,AttackOf
2821,capec536,cwe284,AttackOf
2822,capec538,cwe494,AttackOf
2823,capec538,cwe829,AttackOf
2824,capec54,cwe209,AttackOf
2825,capec540,cwe125,AttackOf
2826,capec541,cwe204,AttackOf
2827,capec541,cwe205,AttackOf
2828,capec541,cwe208,AttackOf
2829,capec545,cwe1239,AttackOf
2830,capec545,cwe1243,AttackOf
2831,capec545,cwe1258,AttackOf
2832,capec545,cwe1266,AttackOf
2833,capec545,cwe1272,AttackOf
2834,capec545,cwe1278,AttackOf
2835,capec545,cwe1323,AttackOf
2836,capec545,cwe1330,AttackOf
2837,capec546,cwe284,AttackOf
2838,capec546,cwe1266,AttackOf
2839,capec546,cwe1272,AttackOf
2840,capec549,cwe829,AttackOf
2841,capec55,cwe261,AttackOf
2842,capec55,cwe521,AttackOf
2843,capec55,cwe262,AttackOf
2844,capec55,cwe263,AttackOf
2845,capec55,cwe654,AttackOf
2846,capec55,cwe916,AttackOf
2847,capec55,cwe308,AttackOf
2848,capec55,cwe309,AttackOf
2849,capec550,cwe284,AttackOf
2850,capec551,cwe284,AttackOf
2851,capec551,cwe522,AttackOf
2852,capec552,cwe284,AttackOf
2853,capec554,cwe424,AttackOf
2854,capec554,cwe1299,AttackOf
2855,capec555,cwe522,AttackOf
2856,capec555,cwe308,AttackOf
2857,capec555,cwe309,AttackOf
2858,capec555,cwe294,AttackOf
2859,capec555,cwe263,AttackOf
2860,capec555,cwe262,AttackOf
2861,capec555,cwe521,AttackOf
2862,capec556,cwe284,AttackOf
2863,capec558,cwe284,AttackOf
2864,capec560,cwe522,AttackOf
2865,capec560,cwe307,AttackOf
2866,capec560,cwe308,AttackOf
2867,capec560,cwe309,AttackOf
2868,capec560,cwe262,AttackOf
2869,capec560,cwe263,AttackOf
2870,capec560,cwe654,AttackOf
2871,capec560,cwe1273,AttackOf
2872,capec561,cwe522,AttackOf
2873,capec561,cwe308,AttackOf
2874,capec561,cwe309,AttackOf
2875,capec561,cwe294,AttackOf
2876,capec561,cwe263,AttackOf
2877,capec561,cwe262,AttackOf
2878,capec561,cwe521,AttackOf
2879,capec562,cwe284,AttackOf
2880,capec563,cwe284,AttackOf
2881,capec564,cwe284,AttackOf
2882,capec565,cwe521,AttackOf
2883,capec565,cwe262,AttackOf
2884,capec565,cwe263,AttackOf
2885,capec565,cwe654,AttackOf
2886,capec565,cwe307,AttackOf
2887,capec565,cwe308,AttackOf
2888,capec565,cwe309,AttackOf
2889,capec57,cwe300,AttackOf
2890,capec57,cwe287,AttackOf
2891,capec57,cwe693,AttackOf
2892,capec573,cwe200,AttackOf
2893,capec574,cwe200,AttackOf
2894,capec575,cwe200,AttackOf
2895,capec576,cwe200,AttackOf
2896,capec577,cwe200,AttackOf
2897,capec578,cwe284,AttackOf
2898,capec579,cwe15,AttackOf
2899,capec58,cwe267,AttackOf
2900,capec58,cwe269,AttackOf
2901,capec580,cwe204,AttackOf
2902,capec580,cwe205,AttackOf
2903,capec580,cwe208,AttackOf
2904,capec586,cwe502,AttackOf
2905,capec587,cwe1021,AttackOf
2906,capec588,cwe79,AttackOf
2907,capec588,cwe20,AttackOf
2908,capec588,cwe83,AttackOf
2909,capec589,cwe300,AttackOf
2910,capec59,cwe290,AttackOf
2911,capec59,cwe330,AttackOf
2912,capec59,cwe331,AttackOf
2913,capec59,cwe346,AttackOf
2914,capec59,cwe488,AttackOf
2915,capec59,cwe539,AttackOf
2916,capec59,cwe200,AttackOf
2917,capec59,cwe6,AttackOf
2918,capec59,cwe285,AttackOf
2919,capec59,cwe384,AttackOf
2920,capec59,cwe693,AttackOf
2921,capec590,cwe300,AttackOf
2922,capec591,cwe79,AttackOf
2923,capec592,cwe79,AttackOf
2924,capec593,cwe287,AttackOf
2925,capec594,cwe940,AttackOf
2926,capec595,cwe940,AttackOf
2927,capec596,cwe940,AttackOf
2928,capec597,cwe36,AttackOf
2929,capec6,cwe74,AttackOf
2930,capec6,cwe146,AttackOf
2931,capec6,cwe184,AttackOf
2932,capec6,cwe78,AttackOf
2933,capec6,cwe185,AttackOf
2934,capec6,cwe697,AttackOf
2935,capec60,cwe294,AttackOf
2936,capec60,cwe290,AttackOf
2937,capec60,cwe346,AttackOf
2938,capec60,cwe384,AttackOf
2939,capec60,cwe488,AttackOf
2940,capec60,cwe539,AttackOf
2941,capec60,cwe200,AttackOf
2942,capec60,cwe285,AttackOf
2943,capec60,cwe664,AttackOf
2944,capec60,cwe732,AttackOf
2945,capec600,cwe522,AttackOf
2946,capec600,cwe307,AttackOf
2947,capec600,cwe308,AttackOf
2948,capec600,cwe309,AttackOf
2949,capec600,cwe262,AttackOf
2950,capec600,cwe263,AttackOf
2951,capec600,cwe654,AttackOf
2952,capec606,cwe757,AttackOf
2953,capec608,cwe327,AttackOf
2954,capec609,cwe311,AttackOf
2955,capec61,cwe384,AttackOf
2956,capec61,cwe664,AttackOf
2957,capec61,cwe732,AttackOf
2958,capec612,cwe201,AttackOf
2959,capec612,cwe300,AttackOf
2960,capec613,cwe201,AttackOf
2961,capec613,cwe300,AttackOf
2962,capec614,cwe327,AttackOf
2963,capec615,cwe300,AttackOf
2964,capec616,cwe200,AttackOf
2965,capec618,cwe201,AttackOf
2966,capec619,cwe201,AttackOf
2967,capec62,cwe352,AttackOf
2968,capec62,cwe306,AttackOf
2969,capec62,cwe664,AttackOf
2970,capec62,cwe732,AttackOf
2971,capec62,cwe1275,AttackOf
2972,capec620,cwe757,AttackOf
2973,capec621,cwe201,AttackOf
2974,capec622,cwe201,AttackOf
2975,capec623,cwe201,AttackOf
2976,capec624,cwe1247,AttackOf
2977,capec624,cwe1248,AttackOf
2978,capec624,cwe1256,AttackOf
2979,capec624,cwe1319,AttackOf
2980,capec624,cwe1332,AttackOf
2981,capec624,cwe1334,AttackOf
2982,capec624,cwe1338,AttackOf
2983,capec624,cwe1351,AttackOf
2984,capec625,cwe1247,AttackOf
2985,capec625,cwe1248,AttackOf
2986,capec625,cwe1256,AttackOf
2987,capec625,cwe1319,AttackOf
2988,capec625,cwe1332,AttackOf
2989,capec625,cwe1334,AttackOf
2990,capec625,cwe1338,AttackOf
2991,capec625,cwe1351,AttackOf
2992,capec63,cwe79,AttackOf
2993,capec63,cwe20,AttackOf
2994,capec632,cwe1007,AttackOf
2995,capec633,cwe287,AttackOf
2996,capec633,cwe1270,AttackOf
2997,capec634,cwe267,AttackOf
2998,capec635,cwe162,AttackOf
2999,capec636,cwe506,AttackOf
3000,capec637,cwe267,AttackOf
3001,capec639,cwe552,AttackOf
3002,capec64,cwe177,AttackOf
3003,capec64,cwe173,AttackOf
3004,capec64,cwe172,AttackOf
3005,capec64,cwe73,AttackOf
3006,capec64,cwe22,AttackOf
3007,capec64,cwe74,AttackOf
3008,capec64,cwe20,AttackOf
3009,capec64,cwe697,AttackOf
3010,capec64,cwe707,AttackOf
3011,capec640,cwe114,AttackOf
3012,capec640,cwe829,AttackOf
3013,capec641,cwe706,AttackOf
3014,capec642,cwe732,AttackOf
3015,capec643,cwe267,AttackOf
3016,capec643,cwe200,AttackOf
3017,capec644,cwe522,AttackOf
3018,capec644,cwe836,AttackOf
3019,capec644,cwe308,AttackOf
3020,capec644,cwe294,AttackOf
3021,capec645,cwe522,AttackOf
3022,capec645,cwe294,AttackOf
3023,capec645,cwe308,AttackOf
3024,capec646,cwe200,AttackOf
3025,capec647,cwe285,AttackOf
3026,capec648,cwe267,AttackOf
3027,capec649,cwe46,AttackOf
3028,capec65,cwe319,AttackOf
3029,capec65,cwe311,AttackOf
3030,capec65,cwe318,AttackOf
3031,capec65,cwe693,AttackOf
3032,capec650,cwe287,AttackOf
3033,capec650,cwe553,AttackOf
3034,capec651,cwe200,AttackOf
3035,capec652,cwe522,AttackOf
3036,capec652,cwe307,AttackOf
3037,capec652,cwe308,AttackOf
3038,capec652,cwe309,AttackOf
3039,capec652,cwe262,AttackOf
3040,capec652,cwe263,AttackOf
3041,capec652,cwe654,AttackOf
3042,capec652,cwe294,AttackOf
3043,capec652,cwe836,AttackOf
3044,capec653,cwe522,AttackOf
3045,capec653,cwe307,AttackOf
3046,capec653,cwe308,AttackOf
3047,capec653,cwe309,AttackOf
3048,capec653,cwe262,AttackOf
3049,capec653,cwe263,AttackOf
3050,capec653,cwe654,AttackOf
3051,capec654,cwe1021,AttackOf
3052,capec657,cwe494,AttackOf
3053,capec66,cwe89,AttackOf
3054,capec66,cwe1286,AttackOf
3055,capec660,cwe829,AttackOf
3056,capec661,cwe489,AttackOf
3057,capec662,cwe300,AttackOf
3058,capec662,cwe494,AttackOf
3059,capec663,cwe1037,AttackOf
3060,capec663,cwe1303,AttackOf
3061,capec663,cwe1264,AttackOf
3062,capec664,cwe918,AttackOf
3063,capec664,cwe20,AttackOf
3064,capec665,cwe345,AttackOf
3065,capec665,cwe353,AttackOf
3066,capec665,cwe288,AttackOf
3067,capec665,cwe1188,AttackOf
3068,capec665,cwe862,AttackOf
3069,capec666,cwe404,AttackOf
3070,capec667,cwe290,AttackOf
3071,capec668,cwe425,AttackOf
3072,capec668,cwe285,AttackOf
3073,capec668,cwe693,AttackOf
3074,capec67,cwe120,AttackOf
3075,capec67,cwe134,AttackOf
3076,capec67,cwe74,AttackOf
3077,capec67,cwe20,AttackOf
3078,capec67,cwe680,AttackOf
3079,capec67,cwe697,AttackOf
3080,capec675,cwe1266,AttackOf
3081,capec676,cwe943,AttackOf
3082,capec676,cwe1286,AttackOf
3083,capec679,cwe1222,AttackOf
3084,capec679,cwe1252,AttackOf
3085,capec679,cwe1257,AttackOf
3086,capec679,cwe1260,AttackOf
3087,capec679,cwe1274,AttackOf
3088,capec679,cwe1282,AttackOf
3089,capec679,cwe1312,AttackOf
3090,capec679,cwe1316,AttackOf
3091,capec679,cwe1326,AttackOf
3092,capec68,cwe325,AttackOf
3093,capec68,cwe328,AttackOf
3094,capec68,cwe1326,AttackOf
3095,capec680,cwe1224,AttackOf
3096,capec680,cwe1231,AttackOf
3097,capec680,cwe1233,AttackOf
3098,capec680,cwe1262,AttackOf
3099,capec680,cwe1283,AttackOf
3100,capec681,cwe1259,AttackOf
3101,capec681,cwe1267,AttackOf
3102,capec681,cwe1270,AttackOf
3103,capec681,cwe1294,AttackOf
3104,capec681,cwe1302,AttackOf
3105,capec682,cwe1277,AttackOf
3106,capec682,cwe1310,AttackOf
3107,capec69,cwe250,AttackOf
3108,capec69,cwe15,AttackOf
3109,capec691,cwe494,AttackOf
3110,capec692,cwe494,AttackOf
3111,capec693,cwe494,AttackOf
3112,capec694,cwe497,AttackOf
3113,capec695,cwe494,AttackOf
3114,capec695,cwe829,AttackOf
3115,capec696,cwe1342,AttackOf
3116,capec697,cwe923,AttackOf
3117,capec698,cwe507,AttackOf
3118,capec698,cwe829,AttackOf
3119,capec699,cwe1300,AttackOf
3120,capec7,cwe89,AttackOf
3121,capec7,cwe209,AttackOf
3122,capec7,cwe74,AttackOf
3123,capec7,cwe20,AttackOf
3124,capec7,cwe697,AttackOf
3125,capec7,cwe707,AttackOf
3126,capec70,cwe521,AttackOf
3127,capec70,cwe262,AttackOf
3128,capec70,cwe263,AttackOf
3129,capec70,cwe798,AttackOf
3130,capec70,cwe654,AttackOf
3131,capec70,cwe308,AttackOf
3132,capec70,cwe309,AttackOf
3133,capec701,cwe294,AttackOf
3134,capec701,cwe345,AttackOf
3135,capec702,cwe1296,AttackOf
3136,capec71,cwe176,AttackOf
3137,capec71,cwe179,AttackOf
3138,capec71,cwe180,AttackOf
3139,capec71,cwe173,AttackOf
3140,capec71,cwe172,AttackOf
3141,capec71,cwe184,AttackOf
3142,capec71,cwe183,AttackOf
3143,capec71,cwe74,AttackOf
3144,capec71,cwe20,AttackOf
3145,capec71,cwe697,AttackOf
3146,capec71,cwe692,AttackOf
3147,capec72,cwe173,AttackOf
3148,capec72,cwe177,AttackOf
3149,capec72,cwe172,AttackOf
3150,capec72,cwe73,AttackOf
3151,capec72,cwe74,AttackOf
3152,capec72,cwe20,AttackOf
3153,capec73,cwe20,AttackOf
3154,capec73,cwe184,AttackOf
3155,capec73,cwe96,AttackOf
3156,capec73,cwe348,AttackOf
3157,capec73,cwe116,AttackOf
3158,capec73,cwe350,AttackOf
3159,capec73,cwe86,AttackOf
3160,capec73,cwe697,AttackOf
3161,capec74,cwe372,AttackOf
3162,capec74,cwe315,AttackOf
3163,capec74,cwe353,AttackOf
3164,capec74,cwe693,AttackOf
3165,capec74,cwe1245,AttackOf
3166,capec74,cwe1253,AttackOf
3167,capec74,cwe1265,AttackOf
3168,capec74,cwe1271,AttackOf
3169,capec75,cwe349,AttackOf
3170,capec75,cwe99,AttackOf
3171,capec75,cwe77,AttackOf
3172,capec75,cwe346,AttackOf
3173,capec75,cwe353,AttackOf
3174,capec75,cwe354,AttackOf
3175,capec76,cwe23,AttackOf
3176,capec76,cwe22,AttackOf
3177,capec76,cwe73,AttackOf
3178,capec76,cwe77,AttackOf
3179,capec76,cwe346,AttackOf
3180,capec76,cwe348,AttackOf
3181,capec76,cwe285,AttackOf
3182,capec76,cwe272,AttackOf
3183,capec76,cwe59,AttackOf
3184,capec76,cwe74,AttackOf
3185,capec76,cwe15,AttackOf
3186,capec77,cwe15,AttackOf
3187,capec77,cwe94,AttackOf
3188,capec77,cwe96,AttackOf
3189,capec77,cwe285,AttackOf
3190,capec77,cwe302,AttackOf
3191,capec77,cwe473,AttackOf
3192,capec77,cwe1321,AttackOf
3193,capec78,cwe180,AttackOf
3194,capec78,cwe181,AttackOf
3195,capec78,cwe173,AttackOf
3196,capec78,cwe172,AttackOf
3197,capec78,cwe73,AttackOf
3198,capec78,cwe22,AttackOf
3199,capec78,cwe74,AttackOf
3200,capec78,cwe20,AttackOf
3201,capec78,cwe697,AttackOf
3202,capec78,cwe707,AttackOf
3203,capec79,cwe173,AttackOf
3204,capec79,cwe180,AttackOf
3205,capec79,cwe181,AttackOf
3206,capec79,cwe20,AttackOf
3207,capec79,cwe74,AttackOf
3208,capec79,cwe73,AttackOf
3209,capec79,cwe22,AttackOf
3210,capec79,cwe185,AttackOf
3211,capec79,cwe200,AttackOf
3212,capec79,cwe697,AttackOf
3213,capec79,cwe707,AttackOf
3214,capec8,cwe120,AttackOf
3215,capec8,cwe119,AttackOf
3216,capec8,cwe118,AttackOf
3217,capec8,cwe74,AttackOf
3218,capec8,cwe20,AttackOf
3219,capec8,cwe680,AttackOf
3220,capec8,cwe733,AttackOf
3221,capec8,cwe697,AttackOf
3222,capec80,cwe173,AttackOf
3223,capec80,cwe172,AttackOf
3224,capec80,cwe180,AttackOf
3225,capec80,cwe181,AttackOf
3226,capec80,cwe73,AttackOf
3227,capec80,cwe74,AttackOf
3228,capec80,cwe20,AttackOf
3229,capec80,cwe697,AttackOf
3230,capec80,cwe692,AttackOf
3231,capec81,cwe117,AttackOf
3232,capec81,cwe93,AttackOf
3233,capec81,cwe75,AttackOf
3234,capec81,cwe221,AttackOf
3235,capec81,cwe96,AttackOf
3236,capec81,cwe20,AttackOf
3237,capec81,cwe150,AttackOf
3238,capec81,cwe276,AttackOf
3239,capec81,cwe279,AttackOf
3240,capec81,cwe116,AttackOf
3241,capec83,cwe91,AttackOf
3242,capec83,cwe74,AttackOf
3243,capec83,cwe20,AttackOf
3244,capec83,cwe707,AttackOf
3245,capec84,cwe74,AttackOf
3246,capec84,cwe707,AttackOf
3247,capec85,cwe79,AttackOf
3248,capec85,cwe113,AttackOf
3249,capec85,cwe348,AttackOf
3250,capec85,cwe96,AttackOf
3251,capec85,cwe20,AttackOf
3252,capec85,cwe116,AttackOf
3253,capec85,cwe184,AttackOf
3254,capec85,cwe86,AttackOf
3255,capec85,cwe692,AttackOf
3256,capec86,cwe80,AttackOf
3257,capec87,cwe425,AttackOf
3258,capec87,cwe285,AttackOf
3259,capec87,cwe693,AttackOf
3260,capec88,cwe78,AttackOf
3261,capec88,cwe88,AttackOf
3262,capec88,cwe20,AttackOf
3263,capec88,cwe697,AttackOf
3264,capec89,cwe346,AttackOf
3265,capec89,cwe350,AttackOf
3266,capec9,cwe120,AttackOf
3267,capec9,cwe118,AttackOf
3268,capec9,cwe119,AttackOf
3269,capec9,cwe74,AttackOf
3270,capec9,cwe20,AttackOf
3271,capec9,cwe680,AttackOf
3272,capec9,cwe733,AttackOf
3273,capec9,cwe697,AttackOf
3274,capec90,cwe301,AttackOf
3275,capec90,cwe303,AttackOf
3276,capec92,cwe190,AttackOf
3277,capec92,cwe128,AttackOf
3278,capec92,cwe120,AttackOf
3279,capec92,cwe122,AttackOf
3280,capec92,cwe196,AttackOf
3281,capec92,cwe680,AttackOf
3282,capec92,cwe697,AttackOf
3283,capec93,cwe117,AttackOf
3284,capec93,cwe75,AttackOf
3285,capec93,cwe150,AttackOf
3286,capec94,cwe300,AttackOf
3287,capec94,cwe290,AttackOf
3288,capec94,cwe593,AttackOf
3289,capec94,cwe287,AttackOf
3290,capec94,cwe294,AttackOf
3291,capec95,cwe538,AttackOf
3292,capec96,cwe589,AttackOf
3293,capec97,cwe327,AttackOf
3294,capec97,cwe1204,AttackOf
3295,capec97,cwe1240,AttackOf
3296,capec97,cwe1241,AttackOf
3297,capec97,cwe1279,AttackOf
3298,capec98,cwe451,AttackOf
